term,Topic,Freq,Term
6674,3,0.9365539099266951,aceleracion
4843,2,0.850934456744224,active
100,1,0.1855277416911387,actividad
100,2,0.10389553534703767,actividad
100,3,0.1261588643499743,actividad
100,4,0.07421109667645548,actividad
100,5,0.1855277416911387,actividad
100,6,0.1855277416911387,actividad
100,7,0.13357997401761987,actividad
1877,1,0.7132977212670555,actualidadrt
1877,6,0.11888295354450926,actualidadrt
1877,7,0.11888295354450926,actualidadrt
2070,1,0.14224908693592855,actualiza
2070,4,0.7112454346796427,actualiza
2070,7,0.14224908693592855,actualiza
8145,1,0.7963336721466068,actualizar
3549,1,0.15877821202637515,aeropuerto
3549,2,0.03969455300659379,aeropuerto
3549,3,0.23816731803956273,aeropuerto
3549,5,0.3572509770593441,aeropuerto
3549,6,0.03969455300659379,aeropuerto
3549,7,0.19847276503296896,aeropuerto
5472,4,0.6468976337365666,aeropuertos
2614,1,0.095885990552102,afectadas
2614,2,0.15980998425350332,afectadas
2614,3,0.12784798740280268,afectadas
2614,4,0.06392399370140134,afectadas
2614,5,0.31961996850700664,afectadas
2614,6,0.12784798740280268,afectadas
2614,7,0.12784798740280268,afectadas
1904,1,0.1559985007786756,afectados
1904,2,0.19499812597334448,afectados
1904,3,0.1267487818826739,afectados
1904,4,0.20474803227201172,afectados
1904,5,0.1559985007786756,afectados
1904,6,0.08774915668800502,afectados
1904,7,0.0779992503893378,afectados
6088,6,0.6338148458462213,afecto
4452,1,0.07333829992915189,afirma
4452,2,0.07333829992915189,afirma
4452,3,0.7333829992915188,afirma
4452,4,0.07333829992915189,afirma
4452,6,0.07333829992915189,afirma
4295,1,0.8538753305260897,afirmaron
4295,2,0.10673441631576121,afirmaron
3366,1,0.6766040088081566,agricultura
3366,3,0.16915100220203916,agricultura
7202,2,0.7585851182231385,alcance
4627,4,0.18236024774097165,alcanzar
4627,6,0.7294409909638866,alcanzar
5949,1,0.8835255364135969,all
1987,2,0.21558944982380443,alonso
1987,3,0.05389736245595111,alonso
1987,4,0.5928709870154621,alonso
1987,5,0.10779472491190221,alonso
8892,4,0.6470902977851667,alpine
6135,1,0.09715173823343862,alumnos
6135,3,0.09715173823343862,alumnos
6135,5,0.09715173823343862,alumnos
6135,6,0.5829104294006318,alumnos
6135,7,0.09715173823343862,alumnos
11934,7,0.8557496739083107,amador
427,1,0.21995943433919107,amenaza
427,2,0.14140249350376569,amenaza
427,3,0.06284555266834031,amenaza
427,4,0.04713416450125523,amenaza
427,5,0.20424804617210598,amenaza
427,6,0.2670935988404463,amenaza
427,7,0.06284555266834031,amenaza
5955,4,0.8599799039396511,amigas
2868,1,0.7140895454883374,an
1878,1,0.8216210576645906,animalistas
1878,2,0.11737443680922723,animalistas
1878,3,0.05868721840461361,animalistas
4296,1,0.876573649056883,anonimos
4296,2,0.09739707211743144,anonimos
219,1,0.10433004753973597,anos
219,2,0.24343677759271729,anos
219,3,0.1391067300529813,anos
219,4,0.06955336502649065,anos
219,5,0.10433004753973597,anos
219,6,0.12171838879635864,anos
219,7,0.22604843633609462,anos
9038,1,0.8837330563939383,anunciaron
9064,2,0.6371575658773996,anunciata
4844,2,0.8509507568543382,are
679,1,0.05784589823207856,aridane
679,2,0.11569179646415712,aridane
679,3,0.05784589823207856,aridane
679,4,0.11569179646415712,aridane
679,5,0.05784589823207856,aridane
679,6,0.520613084088707,aridane
679,7,0.05784589823207856,aridane
1366,1,0.03702763265757308,arrasa
1366,2,0.07405526531514615,arrasa
1366,3,0.01851381632878654,arrasa
1366,4,0.48135922454845,arrasa
1366,5,0.2036519796166519,arrasa
1366,6,0.07405526531514615,arrasa
1366,7,0.11108289797271922,arrasa
1914,1,0.12780327825716464,arrasado
1914,2,0.21300546376194107,arrasado
1914,3,0.08520218550477643,arrasado
1914,4,0.46861202027627036,arrasado
1914,5,0.042601092752388214,arrasado
1914,7,0.08520218550477643,arrasado
712,2,0.1718379972302115,arroja
712,3,0.5155139916906345,arroja
712,6,0.1718379972302115,arroja
712,7,0.114558664820141,arroja
5376,5,0.9360143645652726,aseguran
7406,5,0.6499273430583027,asesores
9137,4,0.7775975288825646,asociado
7800,5,0.8658871072059787,atacando
1879,1,0.6013351597438458,atrapados
1879,2,0.15033378993596144,atrapados
1879,3,0.09494765680165985,atrapados
1879,4,0.0870353520681882,atrapados
1879,5,0.023736914200414964,atrapados
1879,6,0.023736914200414964,atrapados
1879,7,0.023736914200414964,atrapados
11275,1,0.38371264385792037,aumentar
11275,2,0.047964080482240046,aumentar
11275,4,0.09592816096448009,aumentar
11275,5,0.38371264385792037,aumentar
11275,6,0.047964080482240046,aumentar
11275,7,0.047964080482240046,aumentar
497,1,0.037303857665709705,avance
497,2,0.18651928832854853,avance
497,3,0.27977893249282276,avance
497,4,0.09325964416427426,avance
497,5,0.05595578649856455,avance
497,6,0.26112700365996794,avance
497,7,0.09325964416427426,avance
5600,1,0.03464281304886275,avanza
5600,2,0.3810709435374902,avanza
5600,3,0.05196421957329412,avanza
5600,4,0.1905354717687451,avanza
5600,5,0.05196421957329412,avanza
5600,6,0.15589265871988237,avanza
5600,7,0.138571252195451,avanza
5757,4,0.18271108104418773,aviones
5757,5,0.18271108104418773,aviones
5757,6,0.5481332431325632,aviones
1664,1,0.034875748271538796,ayudar
1664,2,0.06975149654307759,ayudar
1664,3,0.06975149654307759,ayudar
1664,4,0.5580119723446207,ayudar
1664,5,0.10462724481461638,ayudar
1664,6,0.06975149654307759,ayudar
1664,7,0.06975149654307759,ayudar
266,1,0.13485096297679383,azufre
266,2,0.24273173335822887,azufre
266,3,0.18879134816751134,azufre
266,4,0.026970192595358763,azufre
266,5,0.2966721185489464,azufre
266,6,0.053940385190717526,azufre
266,7,0.053940385190717526,azufre
391,1,0.16942143833555603,barcos
391,2,0.16942143833555603,barcos
391,4,0.04235535958388901,barcos
391,5,0.21177679791944504,barcos
391,7,0.3811982362550011,barcos
1915,1,0.1027820303497705,barrio
1915,2,0.411128121399082,barrio
1915,3,0.1027820303497705,barrio
1915,4,0.1199123687413989,barrio
1915,5,0.05139101517488525,barrio
1915,6,0.205564060699541,barrio
1915,7,0.017130338391628416,barrio
2688,5,0.8657131691060346,basanitica
1829,1,0.7910608359614245,bastantes
1659,1,0.18995193846021918,boca
1659,2,0.047487984615054796,boca
1659,3,0.20182393461398287,boca
1659,5,0.23743992307527398,boca
1659,6,0.17807994230645546,boca
1659,7,0.15433594999892808,boca
629,1,0.10741050226545958,bocas
629,2,0.12275485973195381,bocas
629,3,0.04603307239948268,bocas
629,4,0.09206614479896535,bocas
629,5,0.13809921719844803,bocas
629,6,0.24550971946390762,bocas
629,7,0.24550971946390762,bocas
1283,1,0.6208129276223068,bombero
1283,3,0.07760161595278835,bombero
1283,4,0.07760161595278835,bombero
1283,5,0.07760161595278835,bombero
1283,7,0.11640242392918251,bombero
2276,1,0.15777763316015025,bomberos
2276,5,0.15777763316015025,bomberos
2276,6,0.631110532640601,bomberos
1065,4,0.649393798677525,bucaramanga
1065,5,0.129878759735505,bucaramanga
1065,7,0.25975751947101,bucaramanga
1284,1,0.5509442247858286,busca
1284,2,0.03672961498572191,busca
1284,3,0.14691845994288763,busca
1284,4,0.03672961498572191,busca
1284,5,0.11018884495716572,busca
1284,7,0.11018884495716572,busca
9114,2,0.09820320489183736,by
9114,3,0.29460961467551205,by
9114,7,0.5892192293510241,by
392,1,0.016828212599821306,cabeza
392,2,0.16828212599821304,cabeza
392,3,0.555331015794103,cabeza
392,4,0.016828212599821306,cabeza
392,5,0.03365642519964261,cabeza
392,6,0.03365642519964261,cabeza
392,7,0.18511033859803436,cabeza
1660,1,0.10553428599580429,cahora
1660,2,0.6332057159748258,cahora
1660,3,0.10553428599580429,cahora
1660,4,0.10553428599580429,cahora
1660,7,0.10553428599580429,cahora
8952,2,0.6374127172660954,calcula
5589,2,0.6941330784640215,calidad
5589,3,0.23137769282134052,calidad
5589,7,0.11568884641067026,calidad
189,1,0.13728020735151164,camara
189,2,0.411840622054535,camara
189,3,0.03432005183787791,camara
189,4,0.13728020735151164,camara
189,5,0.06864010367575582,camara
189,6,0.10296015551363374,camara
189,7,0.10296015551363374,camara
9740,6,0.8444097741793104,camion
713,1,0.21027261267656247,canaria
713,2,0.18223626431968748,canaria
713,3,0.0981272192490625,canaria
713,4,0.2943816577471875,canaria
713,5,0.0981272192490625,canaria
713,6,0.07009087089218749,canaria
713,7,0.056072696713749995,canaria
4855,1,0.1659833259059546,canary
4855,2,0.0829916629529773,canary
4855,3,0.4979499777178638,canary
4855,4,0.0829916629529773,canary
4855,6,0.0829916629529773,canary
4855,7,0.0829916629529773,canary
2023,1,0.02136003217191103,caribe
2023,2,0.640800965157331,caribe
2023,4,0.02136003217191103,caribe
2023,5,0.10680016085955515,caribe
2023,6,0.10680016085955515,caribe
2023,7,0.08544012868764413,caribe
8082,1,0.8836014110031182,cartel
237,1,0.1477113776484639,casa
237,2,0.1477113776484639,casa
237,3,0.06330487613505595,casa
237,4,0.10550812689175992,casa
237,5,0.18991462840516787,casa
237,6,0.31652438067527977,casa
237,7,0.04220325075670397,casa
1988,1,0.08043080022541627,casco
1988,2,0.16086160045083253,casco
1988,3,0.04021540011270813,casco
1988,4,0.6836618019160383,casco
1988,5,0.04021540011270813,casco
1988,6,0.04021540011270813,casco
448,1,0.5739517561511938,cazador
448,3,0.06377241735013264,cazador
448,4,0.06377241735013264,cazador
448,5,0.09565862602519895,cazador
448,7,0.1594310433753316,cazador
11641,6,0.8446052710942463,cbsnews
988,1,0.14526814792972145,ceniza
988,2,0.13672296275738488,ceniza
988,3,0.18799407379140423,ceniza
988,4,0.12817777758504834,ceniza
988,5,0.13672296275738488,ceniza
988,6,0.12817777758504834,ceniza
988,7,0.13672296275738488,ceniza
168,1,0.11509879789860379,cenizas
168,2,0.2877469947465095,cenizas
168,3,0.16442685414086256,cenizas
168,4,0.13976282601973317,cenizas
168,5,0.06577074165634503,cenizas
168,6,0.13976282601973317,cenizas
168,7,0.08221342707043128,cenizas
10027,7,0.8556341482577936,certificacion
3269,1,0.07557928910321918,cientos
3269,2,0.07557928910321918,cientos
3269,3,0.07557928910321918,cientos
3269,4,0.6046343128257534,cientos
3269,5,0.07557928910321918,cientos
3269,6,0.07557928910321918,cientos
3269,7,0.07557928910321918,cientos
9016,2,0.15737468074899466,cimas
9016,3,0.6294987229959786,cimas
9016,7,0.15737468074899466,cimas
1285,1,0.4837408339927355,civil
1285,2,0.028455343176043264,civil
1285,3,0.08536602952812979,civil
1285,4,0.08536602952812979,civil
1285,5,0.17073205905625957,civil
1285,7,0.14227671588021631,civil
6304,7,0.8557131583856419,claramente
10395,1,0.8836048191376832,claudegrandpey
108,1,0.09104589657453722,cnnee
108,2,0.4552294828726861,cnnee
108,3,0.11380737071817153,cnnee
108,4,0.09104589657453722,cnnee
108,5,0.13656884486180584,cnnee
108,7,0.11380737071817153,cnnee
11479,5,0.6523786440080616,cobra
18,1,0.11885190407094595,coladas
18,2,0.11885190407094595,coladas
18,3,0.1708496121019848,coladas
18,4,0.22284732013302366,coladas
18,5,0.12628014807538007,coladas
18,6,0.14856488008868243,coladas
18,7,0.10399541606207771,coladas
8823,3,0.8334183560835294,collapse
4625,1,0.883788930015582,comment
4,2,0.8487224732458108,construyen
11935,7,0.8556743096047468,contenidos
715,1,0.08091321659868356,continua
715,2,0.1753119692971477,continua
715,3,0.25622518589583126,continua
715,4,0.08091321659868356,continua
715,5,0.13485536099780593,continua
715,6,0.14834089709758652,continua
715,7,0.12136982489802534,continua
2499,5,0.7821505737948927,controlar
1026,3,0.9363708359217588,cooperacion
5946,3,0.15854280383539332,cordoba
5946,4,0.15854280383539332,cordoba
5946,6,0.6341712153415733,cordoba
9115,7,0.7377789692737042,creado
3235,1,0.7909506257550298,creciendo
4022,7,0.8556045980140696,crecio
8358,1,0.7910867148480953,criticar
4535,2,0.49231650482007855,cronologia
4535,3,0.07574100074155055,cronologia
4535,5,0.3029640029662022,cronologia
4535,6,0.11361150111232582,cronologia
4535,7,0.03787050037077527,cronologia
9248,4,0.866077068788634,cubiertas
9248,5,0.2165192671971585,cubiertas
6089,6,0.8446149397713368,cubriendo
7945,5,0.8658025122871832,cuchufl
184,1,0.07429885653870792,cumbrevieja
184,2,0.18161942709461937,cumbrevieja
184,3,0.2146411411118229,cumbrevieja
184,4,0.2146411411118229,cumbrevieja
184,5,0.10732057055591145,cumbrevieja
184,6,0.17336399859031848,cumbrevieja
184,7,0.0412771425215044,cumbrevieja
5435,1,0.31704991060320836,cumple
5435,2,0.06605206470900174,cumple
5435,3,0.22457702001060595,cumple
5435,4,0.07926247765080209,cumple
5435,5,0.18494578118520488,cumple
5435,6,0.09247289059260244,cumple
5435,7,0.039631238825401045,cumple
10037,1,0.24783820227625897,danino
10037,6,0.6195955056906475,danino
4995,1,0.1422439810136269,dano
4995,4,0.7112199050681345,dano
4995,7,0.1422439810136269,dano
1535,3,0.8334696820458511,deberse
693,1,0.1360262898609386,declarada
693,2,0.18703614855879055,declarada
693,3,0.18703614855879055,declarada
693,5,0.47609201451328503,declarada
693,6,0.017003286232617324,declarada
3243,3,0.936564451593746,declarado
3509,1,0.7911303903558867,dedique
742,1,0.15322084338256275,deja
742,2,0.05107361446085425,deja
742,3,0.1021472289217085,deja
742,4,0.1276840361521356,deja
742,5,0.408588915686834,deja
742,6,0.07661042169128138,deja
742,7,0.07661042169128138,deja
10902,5,0.8658612420780962,dentistas
8820,2,0.18522755687970352,deportes
8820,4,0.7409102275188141,deportes
937,1,0.39141982774919315,derrumba
937,2,0.152218821902464,derrumba
937,3,0.021745545986066286,derrumba
937,4,0.1304732759163977,derrumba
937,5,0.1304732759163977,derrumba
937,6,0.03261831897909943,derrumba
937,7,0.1304732759163977,derrumba
97,1,0.3987856904386223,derrumbe
97,2,0.09257524956610874,derrumbe
97,3,0.049848211304827784,derrumbe
97,4,0.06409055739192143,derrumbe
97,5,0.03560586521773413,derrumbe
97,6,0.17802932608867064,derrumbe
97,7,0.17802932608867064,derrumbe
5932,1,0.7953950911846431,desaparecieron
5932,4,0.19884877279616078,desaparecieron
9179,1,0.04061400880606074,descanso
9179,2,0.08122801761212148,descanso
9179,3,0.4467540968666681,descanso
9179,5,0.04061400880606074,descanso
9179,6,0.36552607925454667,descanso
9179,7,0.08122801761212148,descanso
9742,6,0.8448690542224727,descomunales
7379,6,0.8448284717397866,desgobierno
138,1,0.8184500320489063,desperto
138,2,0.09093889244987849,desperto
138,4,0.09093889244987849,desperto
10416,1,0.8834048797252357,desplazarse
309,1,0.15845268671873827,destacadas
309,2,0.5281756223957942,destacadas
309,5,0.10563512447915883,destacadas
309,6,0.05281756223957942,destacadas
309,7,0.10563512447915883,destacadas
3092,5,0.6487415714105664,destino
3534,4,0.8599269748620256,destructiva
5139,2,0.23748568148651442,destruido
5139,3,0.13570610370657965,destruido
5139,4,0.37319178519309404,destruido
5139,5,0.13570610370657965,destruido
5139,6,0.06785305185328983,destruido
5139,7,0.06785305185328983,destruido
1617,2,0.12755125160795516,destruir
1617,3,0.06377562580397758,destruir
1617,4,0.12755125160795516,destruir
1617,5,0.06377562580397758,destruir
1617,6,0.6377562580397758,destruir
5747,1,0.17273790475688225,detalle
5747,2,0.5182137142706468,detalle
5747,4,0.23031720634250968,detalle
5747,7,0.11515860317125484,detalle
1813,1,0.2431248756956978,devastacion
1813,2,0.07293746270870934,devastacion
1813,3,0.048624975139139555,devastacion
1813,4,0.3160623384044071,devastacion
1813,5,0.218812388126128,devastacion
1813,6,0.048624975139139555,devastacion
1813,7,0.024312487569569777,devastacion
9834,5,0.865837125804807,dijera
9798,2,0.8485188773134237,discurre
6538,6,0.635324634911902,diversa
9774,2,0.8483772277531539,dogrescue
9342,2,0.6374441577110368,domina
6155,7,0.8557825694149107,dominicana
164,1,0.45045692718541397,drones
164,2,0.18299812666907442,drones
164,3,0.09853745282180931,drones
164,4,0.07038389487272094,drones
164,5,0.07038389487272094,drones
164,6,0.056307115898176746,drones
164,7,0.07038389487272094,drones
9138,4,0.7776143885634483,drramonreyesmd
4122,4,0.8599431938974795,duramente
9428,5,0.8656655363795425,ebullicion
2072,1,0.03852266967616404,edificaciones
2072,2,0.06420444946027339,edificaciones
2072,3,0.025681779784109356,edificaciones
2072,4,0.4109084765457497,edificaciones
2072,5,0.2824995776252029,edificaciones
2072,6,0.05136355956821871,edificaciones
2072,7,0.1155680090284921,edificaciones
9665,6,0.6345009356695266,efectivos
1628,1,0.731406941562808,el_pais
1628,5,0.091425867695351,el_pais
1628,6,0.182851735390702,el_pais
4424,3,0.259527300453438,elecciones
4424,5,0.778581901360314,elecciones
2351,5,0.6522878265665725,elle
4934,2,0.7463900178814474,emanaciones
4934,4,0.03554238180387845,emanaciones
4934,6,0.1421695272155138,emanaciones
4934,7,0.0710847636077569,emanaciones
4211,1,0.12773907124453013,emergen
4211,2,0.12773907124453013,emergen
4211,5,0.12773907124453013,emergen
4211,7,0.6386953562226507,emergen
11847,1,0.2079411692172402,emitida
11847,6,0.6238235076517206,emitida
10440,4,0.2124387062166691,emitio
10440,6,0.6373161186500073,emitio
6764,1,0.20787246392949177,empezar
6764,6,0.6236173917884753,empezar
160,2,0.0602956619587478,endirecto
160,3,0.301478309793739,endirecto
160,4,0.1205913239174956,endirecto
160,6,0.5426609576287302,endirecto
1678,1,0.045293167691128275,ensanchan
1678,2,0.4529316769112828,ensanchan
1678,3,0.1811726707645131,ensanchan
1678,6,0.1811726707645131,ensanchan
1678,7,0.09058633538225655,ensanchan
5365,7,0.6431355334770285,enterrarnos
5266,4,0.6477506048107994,entrevista
5266,7,0.2159168682702665,entrevista
11669,3,0.8335347611232845,eones
2551,1,0.20350242038410862,equipo
2551,2,0.17806461783609506,equipo
2551,3,0.3561292356721901,equipo
2551,4,0.050875605096027156,equipo
2551,5,0.10175121019205431,equipo
2551,6,0.025437802548013578,equipo
2551,7,0.12718901274006789,equipo
192,1,0.22203393434019536,erupciones
192,2,0.248155573674336,erupciones
192,3,0.1567298360048438,erupciones
192,4,0.19591229500605473,erupciones
192,5,0.06530409833535158,erupciones
192,6,0.05224327866828126,erupciones
192,7,0.05224327866828126,erupciones
694,1,0.07450954130014092,erupcionlapalma
694,2,0.47266990262276903,erupcionlapalma
694,3,0.09313692662517616,erupcionlapalma
694,4,0.060539002306364505,erupcionlapalma
694,5,0.25845497138486384,erupcionlapalma
694,6,0.03259792431881166,erupcionlapalma
694,7,0.009313692662517616,erupcionlapalma
2752,1,0.15936782647413814,eruption
2752,2,0.20490149118103473,eruption
2752,3,0.295968820594828,eruption
2752,4,0.04553366470689661,eruption
2752,5,0.06830049706034491,eruption
2752,6,0.22766832353448305,eruption
2752,7,0.022766832353448306,eruption
7083,1,0.8841677429866014,escaparon
2848,1,0.14252841544792874,escupe
2848,2,0.14252841544792874,escupe
2848,3,0.07126420772396437,escupe
2848,4,0.07126420772396437,escupe
2848,5,0.570113661791715,escupe
9139,4,0.7774315526432932,espanaafricana
11,1,0.16714242004176152,espanola
11,2,0.21112726742117244,espanola
11,3,0.2551121148005834,espanola
11,4,0.09676666423470404,espanola
11,5,0.09676666423470404,espanola
11,6,0.03518787790352874,espanola
11,7,0.14075151161411495,espanola
1880,1,0.6030473507335196,espanoles
1880,2,0.10050789178891992,espanoles
1880,4,0.10050789178891992,espanoles
1880,5,0.05025394589445996,espanoles
1880,6,0.10050789178891992,espanoles
9017,3,0.718984956332317,espanto
9017,7,0.17974623908307924,espanto
5011,2,0.6400661792774013,especialistas
5011,4,0.21335539309246712,especialistas
9018,3,0.7186038683312846,estruendosas
9018,7,0.17965096708282116,estruendosas
4265,7,0.8558841061831569,estuviera
127,1,0.23596370204018766,etna
127,2,0.13272958239760557,etna
127,3,0.07373865688755864,etna
127,4,0.13272958239760557,etna
127,5,0.044243194132535184,etna
127,6,0.17697277653014074,etna
127,7,0.19172050790765247,etna
2629,1,0.1452958359669535,expertos
2629,2,0.020756547995279075,expertos
2629,3,0.24907857594334887,expertos
2629,4,0.0830261919811163,expertos
2629,5,0.24907857594334887,expertos
2629,6,0.10378273997639537,expertos
2629,7,0.1452958359669535,expertos
8045,5,0.9352926735733018,explicamos
3301,1,0.7910876203508181,explicando
2383,1,0.09177406291187916,expulsar
2383,2,0.18354812582375832,expulsar
2383,3,0.09177406291187916,expulsar
2383,5,0.4588703145593958,expulsar
2383,6,0.09177406291187916,expulsar
2383,7,0.09177406291187916,expulsar
3180,1,0.20978183540911924,extrano
3180,2,0.6293455062273577,extrano
777,1,0.09156409623307,fantasma
777,2,0.09156409623307,fantasma
777,5,0.09156409623307,fantasma
777,7,0.73251276986456,fantasma
2040,1,0.12208232063124816,fase
2040,2,0.04069410687708272,fase
2040,3,0.16277642750833088,fase
2040,4,0.04069410687708272,fase
2040,5,0.08138821375416544,fase
2040,6,0.4069410687708272,fase
2040,7,0.12208232063124816,fase
11165,6,0.8445726059596993,felizmartes
3828,3,0.700148610535062,fenomenos
3828,4,0.1400297221070124,fenomenos
3828,7,0.1400297221070124,fenomenos
5353,2,0.1366142017277458,fernando
5353,4,0.6830710086387289,fernando
5353,5,0.0683071008638729,fernando
4802,1,0.06795785984324432,fisuras
4802,2,0.27183143937297727,fisuras
4802,4,0.06795785984324432,fisuras
4802,5,0.5436628787459545,fisuras
1338,4,0.8600111111642942,florentino
1179,6,0.8445958848300338,florida
9712,3,0.7485824386157962,flows
3238,1,0.7967484712778846,fluir
3238,5,0.19918711781947115,fluir
2436,1,0.06545116525748407,flujo
2436,2,0.0981767478862261,flujo
2436,3,0.13090233051496813,flujo
2436,4,0.06545116525748407,flujo
2436,5,0.032725582628742034,flujo
2436,6,0.0981767478862261,flujo
2436,7,0.5236093220598725,flujo
8037,7,0.8559486054421498,focal
117,1,0.04784341776245803,fotos
117,2,0.08372598108430156,fotos
117,3,0.26313879769351917,fotos
117,4,0.10764768996553056,fotos
117,5,0.04784341776245803,fotos
117,6,0.2990213610153627,fotos
117,7,0.13156939884675958,fotos
66,1,0.0313868986807883,frente
66,2,0.0313868986807883,frente
66,3,0.15693449340394147,frente
66,4,0.34525588548867125,frente
66,5,0.09416069604236488,frente
66,6,0.1255475947231532,frente
66,7,0.21970829076551807,frente
757,1,0.07408348507963629,fuerte
757,2,0.22225045523890888,fuerte
757,3,0.4815426530176359,fuerte
757,4,0.037041742539818144,fuerte
757,5,0.07408348507963629,fuerte
757,6,0.037041742539818144,fuerte
757,7,0.07408348507963629,fuerte
630,1,0.2534624403714828,fuerza
630,2,0.18104460026534483,fuerza
630,3,0.03620892005306897,fuerza
630,4,0.07241784010613794,fuerza
630,5,0.4345070406368276,fuerza
630,7,0.07241784010613794,fuerza
4212,1,0.2105815597787482,fuser_news
4212,7,0.6317446793362446,fuser_news
9066,2,0.6375445065987931,gadanon
11013,2,0.7653587763482388,galicia
225,1,0.45672235032305203,gente
225,2,0.05269873272958293,gente
225,3,0.08783122121597155,gente
225,4,0.14052995394555448,gente
225,5,0.1756624424319431,gente
225,6,0.05269873272958293,gente
225,7,0.03513248848638862,gente
1472,1,0.06140002420891821,gigantes
1472,4,0.3684001452535093,gigantes
1472,5,0.06140002420891821,gigantes
1472,7,0.49120019367134565,gigantes
3165,2,0.2857601015535267,glezjuanje
3165,7,0.5715202031070534,glezjuanje
11252,5,0.8658781963729274,goberno
83,1,0.07367638059255877,gobierno
83,2,0.23576441789618804,gobierno
83,3,0.029470552237023506,gobierno
83,4,0.05894110447404701,gobierno
83,5,0.23576441789618804,gobierno
83,6,0.13261748506660578,gobierno
83,7,0.2210291417776763,gobierno
2906,4,0.8600592130703058,gol
2949,5,0.8656720768976248,golpeada
5958,4,0.8600027932135175,gomez
504,1,0.4954834692190245,gracias
504,3,0.058292172849297,gracias
504,4,0.233168691397188,gracias
504,5,0.0291460864246485,gracias
504,7,0.174876518547891,gracias
1032,1,0.2693328845315364,gran
1032,2,0.09793923073874052,gran
1032,3,0.18363605763513846,gran
1032,4,0.22036326916216617,gran
1032,5,0.07345442305405539,gran
1032,6,0.06121201921171282,gran
1032,7,0.08569682689639795,gran
7041,5,0.2582189028414452,gratuita
7041,7,0.7746567085243357,gratuita
5342,1,0.178607315129569,gravedad
5342,6,0.714429260518276,gravedad
1287,1,0.5261883359489543,guardia
1287,3,0.09866031299042895,guardia
1287,4,0.06577354199361929,guardia
1287,5,0.16443385498404822,guardia
1287,7,0.13154708398723858,guardia
3166,2,0.28573627298364956,gus_texeda
3166,7,0.5714725459672991,gus_texeda
4449,1,0.039810872792543195,habitantes
4449,2,0.43791960071797514,habitantes
4449,3,0.11943261837762958,habitantes
4449,4,0.039810872792543195,habitantes
4449,5,0.07962174558508639,habitantes
4449,6,0.15924349117017278,habitantes
4449,7,0.15924349117017278,habitantes
1368,1,0.04447494926242842,hectareas
1368,2,0.11118737315607105,hectareas
1368,3,0.03706245771869035,hectareas
1368,4,0.45957447571176036,hectareas
1368,5,0.13342484778728528,hectareas
1368,6,0.11118737315607105,hectareas
1368,7,0.11118737315607105,hectareas
6726,4,0.8600138760081879,heroe
3167,2,0.2857676101778995,himargonzalez
3167,7,0.571535220355799,himargonzalez
4874,2,0.6350289320689548,hogar
4874,3,0.21167631068965162,hogar
8847,2,0.6962129543664585,hogares
8847,3,0.11603549239440974,hogares
8847,7,0.11603549239440974,hogares
4182,1,0.16915276882783642,homenaje
4182,2,0.16915276882783642,homenaje
4182,4,0.5074583064835093,homenaje
4182,7,0.08457638441391821,homenaje
8340,5,0.8657937483696179,hosteleria
10389,4,0.8600365769080429,hubieras
1473,4,0.37136190873293823,icono
1473,5,0.07427238174658765,icono
1473,7,0.5199066722261135,icono
165,1,0.056175377286716156,imagenes
165,2,0.23874535346854367,imagenes
165,3,0.175548054020988,imagenes
165,4,0.06319729944755567,imagenes
165,5,0.2598111199510622,imagenes
165,6,0.12639459889511134,imagenes
165,7,0.08426306593007424,imagenes
3503,7,0.85577348112638,imagennoticias
8808,4,0.8599255421373462,imparte
5604,4,0.16286278632147472,incandescente
5604,5,0.6514511452858989,incandescente
5604,6,0.16286278632147472,incandescente
8903,2,0.6375516154669951,incesante
11584,3,0.8332117155572291,indicio
10441,6,0.6337993241481911,iniciaron
1082,1,0.2348155723521085,inicio
1082,2,0.31308742980281135,inicio
1082,3,0.10958060043098397,inicio
1082,4,0.031308742980281135,inicio
1082,5,0.10958060043098397,inicio
1082,6,0.07827185745070284,inicio
1082,7,0.10958060043098397,inicio
25,1,0.12044634647152644,instituto
25,2,0.06022317323576322,instituto
25,3,0.24089269294305288,instituto
25,4,0.1003719553929387,instituto
25,5,0.08029756431435096,instituto
25,6,0.12044634647152644,instituto
25,7,0.2609670840216406,instituto
2041,2,0.08645392018118236,intensidad
2041,4,0.6051774412682766,intensidad
2041,5,0.17290784036236473,intensidad
2041,6,0.17290784036236473,intensidad
619,1,0.2140190455484139,interesante
619,5,0.6420571366452417,interesante
1116,1,0.11703356236593995,internacionales
1116,2,0.11703356236593995,internacionales
1116,3,0.4096174682807898,internacionales
1116,4,0.058516781182969976,internacionales
1116,5,0.11703356236593995,internacionales
1116,6,0.058516781182969976,internacionales
1116,7,0.11703356236593995,internacionales
9762,2,0.1573201590040744,invade
9762,3,0.6292806360162976,invade
9762,4,0.1573201590040744,invade
241,1,0.110084480980754,involcan
241,2,0.125810835406576,involcan
241,3,0.125810835406576,involcan
241,4,0.110084480980754,involcan
241,5,0.204442607535686,involcan
241,6,0.125810835406576,involcan
241,7,0.204442607535686,involcan
687,3,0.6937241625204945,ira
687,7,0.13874483250409891,ira
9019,2,0.1574323707888317,iruene
9019,3,0.6297294831553268,iruene
9019,7,0.1574323707888317,iruene
9020,2,0.1572989991510425,iruenes
9020,3,0.62919599660417,iruenes
9020,7,0.1572989991510425,iruenes
10629,2,0.15752587366977655,islacanarias
10629,3,0.551340557844218,islacanarias
10629,4,0.07876293683488828,islacanarias
10629,6,0.15752587366977655,islacanarias
4856,1,0.17759978725497055,islands
4856,2,0.08879989362748528,islands
4856,3,0.488399414951169,islands
4856,4,0.08879989362748528,islands
4856,6,0.08879989362748528,islands
4856,7,0.08879989362748528,islands
180,1,0.0733067551906532,islas
180,2,0.16755829757863588,islas
180,3,0.18850308477596536,islas
180,4,0.1466135103813064,islas
180,5,0.20944787197329484,islas
180,6,0.06283436159198845,islas
180,7,0.1466135103813064,islas
11937,7,0.855767496237227,ittv
2548,5,0.6524359355659848,jajajajaja
4971,3,0.936292238054205,joaquinbondoni
7659,4,0.8598903339272134,josue
2907,4,0.776785109197253,juegos
2907,7,0.2589283697324177,juegos
2132,1,0.1297196025021308,km
2132,2,0.45401860875745775,km
2132,3,0.09728970187659809,km
2132,4,0.0324299006255327,km
2132,5,0.09728970187659809,km
2132,6,0.1297196025021308,km
2132,7,0.0648598012510654,km
641,1,0.07547995034386164,laguna
641,2,0.42142972275322743,laguna
641,3,0.13837990896374633,laguna
641,4,0.06918995448187316,laguna
641,5,0.06918995448187316,laguna
641,6,0.10692992965380398,laguna
641,7,0.11950992137778092,laguna
3615,1,0.03418246801177581,lalaguna
3615,2,0.18230649606280433,lalaguna
3615,3,0.056970780019626355,lalaguna
3615,4,0.22788312007850542,lalaguna
3615,5,0.04557662401570108,lalaguna
3615,6,0.04557662401570108,lalaguna
3615,7,0.421583772145235,lalaguna
1289,1,0.5734119183327681,lapalmaahora
1289,2,0.06371243537030756,lapalmaahora
1289,3,0.06371243537030756,lapalmaahora
1289,4,0.06371243537030756,lapalmaahora
1289,5,0.09556865305546135,lapalmaahora
1289,6,0.03185621768515378,lapalmaahora
1289,7,0.12742487074061512,lapalmaahora
2618,1,0.065827623026881,lapalmavolcan
2618,2,0.4278795496747265,lapalmavolcan
2618,4,0.2962243036209645,lapalmavolcan
2618,5,0.0987414345403215,lapalmavolcan
2618,6,0.0329138115134405,lapalmavolcan
2618,7,0.065827623026881,lapalmavolcan
2468,1,0.20799350084609622,laprovincia_es
2468,6,0.6239805025382886,laprovincia_es
3160,5,0.8658672913524459,lasextatv
7433,6,0.7271594847994537,leire
7433,7,0.18178987119986342,leire
11522,2,0.6375640388267136,libre_mercado
4275,5,0.8656322026346628,limon
681,1,0.052728856289769074,llanos
681,2,0.15818656886930724,llanos
681,3,0.15818656886930724,llanos
681,4,0.10545771257953815,llanos
681,6,0.5272885628976908,llanos
1341,1,0.0337880833411225,llegando
1341,2,0.4392450834345925,llegando
1341,3,0.067576166682245,llegando
1341,4,0.0337880833411225,llegando
1341,5,0.27030466672898,llegando
1341,6,0.13515233336449,llegando
1341,7,0.0337880833411225,llegando
6065,1,0.17231750343226013,llegara
6065,2,0.17231750343226013,llegara
6065,3,0.05743916781075338,llegara
6065,5,0.05743916781075338,llegara
6065,7,0.5169525102967805,llegara
4935,2,0.6756023544767887,llegaron
4935,3,0.03555801865667309,llegaron
4935,4,0.07111603731334618,llegaron
4935,6,0.10667405597001928,llegaron
4935,7,0.07111603731334618,llegaron
4297,1,0.7856986240824644,logrado
4297,2,0.1964246560206161,logrado
922,3,0.8335061294103738,lomasleido
421,7,0.6434258437709549,lucara
1474,4,0.36050722957871667,magdalena
1474,5,0.07210144591574333,magdalena
1474,7,0.5768115673259466,magdalena
311,1,0.45619305064899945,magnitud
311,2,0.14690962648018627,magnitud
311,3,0.05412459922954231,magnitud
311,4,0.0773208560422033,magnitud
311,5,0.02319625681266099,magnitud
311,6,0.2010342257097286,magnitud
311,7,0.03092834241688132,magnitud
8770,2,0.21701564800861725,mallorca
8770,5,0.6510469440258517,mallorca
277,1,0.024642742737712622,manana
277,2,0.07392822821313787,manana
277,3,0.17249919916398834,manana
277,4,0.049285485475425245,manana
277,5,0.09857097095085049,manana
277,6,0.12321371368856311,manana
277,7,0.4435693692788272,manana
4127,5,0.6518771035284756,mancha
4127,7,0.21729236784282518,mancha
296,1,0.10356615255309823,mar
296,2,0.16570584408495717,mar
296,3,0.18641907459557683,mar
296,4,0.062139691531858936,mar
296,5,0.17261025425516371,mar
296,6,0.11737497289351133,mar
296,7,0.19332348476578337,mar
666,6,0.8446474577189498,mascarilla
2692,5,0.86600172526435,mateos
317,1,0.04736414315958223,material
317,2,0.14209242947874667,material
317,3,0.23682071579791114,material
317,5,0.4262772884362401,material
317,6,0.14209242947874667,material
1476,4,0.3817162411208543,matragrano
1476,5,0.07634324822417085,matragrano
1476,7,0.534402737569196,matragrano
139,1,0.398241465470063,mayor
139,2,0.13274715515668767,mayor
139,3,0.10151253041393762,mayor
139,4,0.02342596855706253,mayor
139,5,0.03123462474275004,mayor
139,6,0.2420683417563128,mayor
139,7,0.0702779056711876,mayor
11670,3,0.8334053422810828,mecanismos
11848,6,0.844356873576398,medicion
3499,2,0.18170642675050994,mesa
3499,6,0.7268257070020397,mesa
6138,1,0.11479449435712184,miercoles
6138,2,0.11479449435712184,miercoles
6138,5,0.11479449435712184,miercoles
6138,6,0.5739724717856092,miercoles
3405,3,0.75044116816872,min
9067,2,0.637478514490153,misivas
9201,2,0.18655734954780276,moderado
9201,5,0.746229398191211,moderado
9525,2,0.8486339720813091,monitoriza
1949,1,0.1402367599749843,montana
1949,2,0.25242616795497175,montana
1949,3,0.1402367599749843,montana
1949,5,0.028047351994996857,montana
1949,6,0.056094703989993715,montana
1949,7,0.392662927929956,montana
4920,4,0.6468173677957123,mover
361,1,0.2844937784300597,mundo
361,2,0.2303044873005245,mundo
361,3,0.1625678733886055,mundo
361,4,0.08128393669430276,mundo
361,5,0.12192590504145415,mundo
361,6,0.06773661391191897,mundo
361,7,0.06773661391191897,mundo
27,1,0.06570710196500418,nacional
27,2,0.16426775491251044,nacional
27,3,0.09856065294750627,nacional
27,4,0.361389060807523,nacional
27,5,0.13141420393000836,nacional
27,6,0.06570710196500418,nacional
27,7,0.09856065294750627,nacional
4334,5,0.865560320080791,nacionales
1384,3,0.9362434405947774,namplia
12072,3,0.8334045269500139,nash
3980,1,0.7910780483926206,navedelmisterio
527,1,0.08098490001647878,ncumbre
527,2,0.12147735002471817,ncumbre
527,3,0.4859094000988727,ncumbre
527,4,0.04049245000823939,ncumbre
527,5,0.08098490001647878,ncumbre
527,6,0.20246225004119695,ncumbre
2566,1,0.15750101033168445,negar
2566,4,0.15750101033168445,negar
2566,6,0.6300040413267378,negar
129,1,0.22250788406026767,nel
129,2,0.2860815652203441,nel
129,3,0.06357368116007647,nel
129,4,0.0794671014500956,nel
129,5,0.12714736232015295,nel
129,6,0.11125394203013383,nel
129,7,0.09536052174011471,nel
4720,5,0.8659432468750098,neres
7662,4,0.8600456602468998,nevado
7308,1,0.7910561439710427,nexpertos
4876,7,0.6426525680707823,nicolasmaduro
538,1,0.17348218916501065,nla
538,2,0.22552684591451383,nla
538,3,0.1040893134990064,nla
538,4,0.17348218916501065,nla
538,5,0.2081786269980128,nla
538,6,0.0520446567495032,nla
538,7,0.06939287566600426,nla
3474,1,0.07167022097110487,nlas
3474,2,0.07167022097110487,nlas
3474,4,0.5016915467977341,nlas
3474,5,0.2150106629133146,nlas
3474,6,0.14334044194220974,nlas
1477,1,0.06732635036491705,norte
1477,2,0.28613698905089746,norte
1477,3,0.08415793795614632,norte
1477,4,0.2524738138684389,norte
1477,5,0.05049476277368779,norte
1477,6,0.016831587591229262,norte
1477,7,0.2188106386859804,norte
185,1,0.20768768687512765,noticias
185,2,0.1211511506771578,noticias
185,3,0.26826326221370655,noticias
185,4,0.04326826809898493,noticias
185,5,0.1817267260157367,noticias
185,6,0.025960960859390956,noticias
185,7,0.14711211153654877,noticias
4152,1,0.1427286592562936,novedades
4152,2,0.1427286592562936,novedades
4152,5,0.6422789666533212,novedades
4846,2,0.801195975321251,now
4846,5,0.1602391950642502,now
1975,2,0.848651480619453,npuxa
8824,3,0.8334492596481939,nreports
8147,1,0.9384542044195521,nubosidad
170,1,0.13642293160554186,nueva
170,2,0.14551779371257798,nueva
170,3,0.13642293160554186,nueva
170,4,0.07275889685628899,nueva
170,5,0.10913834528443349,nueva
170,6,0.23646641478293923,nueva
170,7,0.16370751792665023,nueva
1070,4,0.6494062105992648,nvamos
1070,5,0.12988124211985297,nvamos
1070,7,0.25976248423970594,nvamos
2538,1,0.1903681189334671,nvia
2538,2,0.06345603964448904,nvia
2538,4,0.06345603964448904,nvia
2538,5,0.06345603964448904,nvia
2538,6,0.06345603964448904,nvia
2538,7,0.5711043568004013,nvia
5961,4,0.859830737220202,nviaje
10417,1,0.883289441992887,obligando
2989,6,0.8447689269723143,obligar
10648,6,0.7610242202982046,observado
5082,6,0.8443678644971329,observando
1265,4,0.864970378059958,ocasionando
105,1,0.1717989613073057,octubre
105,2,0.15952760692821244,octubre
105,3,0.09817083503274612,octubre
105,4,0.08589948065365285,octubre
105,5,0.15952760692821244,octubre
105,6,0.11044218941183938,octubre
105,7,0.19634167006549225,octubre
2870,1,0.13553771826643912,on
2870,2,0.4969716336436102,on
2870,3,0.09035847884429275,on
2870,4,0.045179239422146376,on
2870,5,0.09035847884429275,on
2870,6,0.09035847884429275,on
2870,7,0.09035847884429275,on
2363,5,0.6506073307929815,opcion
11625,6,0.6354535733969667,operar
3168,2,0.28573524836722203,orbitalaika_tve
3168,7,0.5714704967344441,orbitalaika_tve
3489,3,0.8333709871744084,organizada
869,1,0.08854212213632798,pandemia
869,2,0.08854212213632798,pandemia
869,3,0.08854212213632798,pandemia
869,4,0.08854212213632798,pandemia
869,5,0.4427106106816399,pandemia
869,6,0.08854212213632798,pandemia
869,7,0.08854212213632798,pandemia
98,1,0.2968911904762133,parcial
98,2,0.037111398809526665,parcial
98,3,0.09277849702381666,parcial
98,4,0.09277849702381666,parcial
98,5,0.018555699404763332,parcial
98,6,0.25977979166668663,parcial
98,7,0.20411269345239666,parcial
1226,1,0.6204377439734503,parcialmente
1226,2,0.07299267576158239,parcialmente
1226,3,0.07299267576158239,parcialmente
1226,4,0.07299267576158239,parcialmente
1226,5,0.036496337880791194,parcialmente
1226,6,0.07299267576158239,parcialmente
1226,7,0.07299267576158239,parcialmente
8688,3,0.833400129744299,pasaria
1927,1,0.074914200315337,paso
1927,2,0.2547082810721458,paso
1927,3,0.029965680126134802,paso
1927,4,0.0449485201892022,paso
1927,5,0.0449485201892022,paso
1927,6,0.2547082810721458,paso
1927,7,0.2846739611982806,paso
1071,4,0.6163112202155123,pasto
1071,5,0.06847902446839027,pasto
1071,7,0.20543707340517078,pasto
6821,2,0.8484203019447993,patada
4514,1,0.11500225289150752,penacho
4514,4,0.23000450578301504,penacho
4514,6,0.5750112644575376,penacho
9619,5,0.6517124666569788,people
1770,4,0.6471851063684215,pequenito
6504,4,0.6458669933126685,perra
119,1,0.5865313077743307,perros
119,2,0.08774877832844317,perros
119,3,0.11084056209908612,perros
119,4,0.05080192429541447,perros
119,5,0.041565210787157296,perros
119,6,0.032328497278900116,perros
119,7,0.09236713508257176,perros
923,1,0.22907802468891975,personas
923,2,0.22907802468891975,personas
923,3,0.10908477366139036,personas
923,4,0.11999325102752939,personas
923,5,0.13090172839366843,personas
923,6,0.1527186831259465,personas
923,7,0.05454238683069518,personas
3371,1,0.7071770450184236,pesca
10318,7,0.8558784453531808,photo
7880,6,0.8447628815060999,picadas
8186,1,0.7910306925340458,pido
9010,2,0.5301936571137286,piedad
9010,4,0.30296780406498774,piedad
9010,7,0.07574195101624694,piedad
7325,7,0.8555477376656475,pierdan
8821,2,0.09969730862504683,piloto
8821,3,0.09969730862504683,piloto
8821,4,0.6978811603753279,piloto
8821,5,0.09969730862504683,piloto
8821,7,0.09969730862504683,piloto
1291,1,0.6040833553816246,pista
1291,3,0.12944643329606242,pista
1291,4,0.04314881109868747,pista
1291,5,0.08629762219737494,pista
1291,7,0.12944643329606242,pista
5071,1,0.12465636130290346,plantaciones
5071,3,0.6232818065145174,plantaciones
5071,7,0.24931272260580692,plantaciones
4280,5,0.6518365069454535,pn
4409,1,0.27671140598139493,podencos
4409,2,0.5534228119627899,podencos
4409,3,0.06917785149534873,podencos
4409,4,0.06917785149534873,podencos
4409,7,0.06917785149534873,podencos
2492,3,0.1580449475241748,podido
2492,6,0.6321797900966992,podido
10096,6,0.8445686875362168,podran
11938,7,0.855574836849743,podras
924,1,0.19136719823144333,popocatepetl
924,2,0.10631511012857962,popocatepetl
924,3,0.0850520881028637,popocatepetl
924,4,0.0850520881028637,popocatepetl
924,5,0.04252604405143185,popocatepetl
924,6,0.36147137443717076,popocatepetl
924,7,0.12757813215429556,popocatepetl
5642,2,0.637409683298016,portavoz
11671,3,0.8332559521980597,preguntarse
1977,1,0.058606917303111766,premio
1977,2,0.1758207519093353,premio
1977,4,0.5274622557280059,premio
1977,5,0.058606917303111766,premio
1977,6,0.058606917303111766,premio
1977,7,0.11721383460622353,premio
3636,1,0.08505628908446992,preocupa
3636,2,0.5528658790490545,preocupa
3636,3,0.08505628908446992,preocupa
3636,4,0.2126407227111748,preocupa
3636,5,0.04252814454223496,preocupa
9130,5,0.8659009498049772,preocupen
1346,1,0.09128445449465114,presidente
1346,2,0.030428151498217048,presidente
1346,3,0.21299706048751935,presidente
1346,4,0.24342521198573638,presidente
1346,5,0.3042815149821705,presidente
1346,6,0.12171260599286819,presidente
1346,7,0.030428151498217048,presidente
99,1,0.3850744938148137,principal
99,2,0.11261612554961531,principal
99,3,0.07992112135779152,principal
99,4,0.08355389960132749,principal
99,5,0.07265556487071956,principal
99,6,0.0980850125754714,principal
99,7,0.163475020959119,principal
7043,7,0.8555115278957662,privada
4936,2,0.7651131106358657,prosigue
3245,3,0.7487159167177143,protegido
7809,1,0.8833908388217104,protegidos
339,1,0.15803504841338747,provoca
339,2,0.07901752420669374,provoca
339,3,0.03950876210334687,provoca
339,5,0.19754381051673434,provoca
339,6,0.47410514524016245,provoca
339,7,0.03950876210334687,provoca
9023,3,0.7845534025450505,provocan
9023,7,0.1569106805090101,provocan
3122,1,0.8233561824511914,publicar
3122,7,0.11762231177874162,publicar
86,1,0.07833646077435769,pueblo
86,2,0.13056076795726282,pueblo
86,3,0.15667292154871537,pueblo
86,4,0.026112153591452563,pueblo
86,5,0.31334584309743074,pueblo
86,6,0.13056076795726282,pueblo
86,7,0.18278507514016792,pueblo
9041,1,0.8838735812965736,puestos
312,1,0.11554424613110499,qpev
312,2,0.5777212306555249,qpev
312,5,0.11554424613110499,qpev
312,6,0.057772123065552496,qpev
312,7,0.11554424613110499,qpev
4632,4,0.6451380510451336,quedando
4298,1,0.6700383853260004,quedaron
4298,2,0.2392994233307144,quedaron
4298,3,0.04785988466614288,quedaron
4298,7,0.04785988466614288,quedaron
7882,6,0.8446425283731858,queria
5237,3,0.8332295645165924,quieras
496,1,0.039160336225914374,quiero
496,2,0.07832067245182875,quiero
496,3,0.039160336225914374,quiero
496,4,0.27412235358140064,quiero
496,5,0.11748100867774312,quiero
496,6,0.07832067245182875,quiero
496,7,0.3916033622591438,quiero
11587,3,0.8334623201501378,realimentando
7326,7,0.8556517424857795,realizando
4315,6,0.8447160292259736,recomendado
2338,1,0.08574920907199274,recuerda
2338,2,0.08574920907199274,recuerda
2338,3,0.08574920907199274,recuerda
2338,4,0.6002444635039492,recuerda
2338,5,0.08574920907199274,recuerda
8285,6,0.7609762595993721,registradores
10392,6,0.7637610880951206,relato
5375,2,0.637288174261138,reportan
5375,6,0.21242939142037937,reportan
2693,5,0.8658956615191031,requerida
2159,1,0.28374274864010646,rescatado
2159,2,0.09458091621336882,rescatado
2159,3,0.5674854972802129,rescatado
2159,4,0.09458091621336882,rescatado
1292,1,0.6045179029925197,rescatadores
1292,2,0.0806023870656693,rescatadores
1292,3,0.0806023870656693,rescatadores
1292,4,0.04030119353283465,rescatadores
1292,5,0.0806023870656693,rescatadores
1292,7,0.12090358059850395,rescatadores
7101,1,0.9382355396500164,rescatando
122,1,0.6410431502741332,rescatar
122,2,0.18697091882995553,rescatar
122,4,0.05342026252284444,rescatar
122,5,0.05342026252284444,rescatar
122,7,0.05342026252284444,rescatar
3910,1,0.6528029775725362,rescataron
3910,2,0.10880049626208937,rescataron
3910,4,0.10880049626208937,rescataron
3910,5,0.10880049626208937,rescataron
1725,1,0.42669679025609414,rescate
1725,2,0.20407237794856675,rescate
1725,3,0.11131220615376368,rescate
1725,4,0.07420813743584245,rescate
1725,5,0.037104068717921226,rescate
1725,6,0.05565610307688184,rescate
1725,7,0.05565610307688184,rescate
8465,1,0.6757437242835554,rescatistas
8465,6,0.16893593107088886,rescatistas
3233,7,0.8555812582396806,resiste
10394,4,0.8599572992007225,respiro
7355,2,0.8486407343752509,reverte
9132,5,0.8657178942836015,reviento
11672,3,0.8332016667863535,rigen
2177,4,0.6438885405223164,ritmo
1308,2,0.10053890179647941,roca
1308,4,0.20107780359295882,roca
1308,5,0.6032334107788764,roca
8286,6,0.8443686212668621,rr
8143,5,0.6517395877032044,rterrasa
1449,1,0.08117923106811928,rtve
1449,2,0.24353769320435784,rtve
1449,3,0.2029480776702982,rtve
1449,4,0.02029480776702982,rtve
1449,5,0.4058961553405964,rtve
1449,6,0.02029480776702982,rtve
3816,2,0.04059549808615558,rugiendo
3816,3,0.5277414751200227,rugiendo
3816,5,0.04059549808615558,rugiendo
3816,6,0.40595498086155585,rugiendo
11921,3,0.8333485164069,rural
281,1,0.18712009480049385,sabado
281,2,0.15309825938222224,sabado
281,3,0.13608734167308642,sabado
281,4,0.08505458854567902,sabado
281,5,0.08505458854567902,sabado
281,6,0.11907642396395063,sabado
281,7,0.23815284792790126,sabado
3690,1,0.8834891347553223,sabiendo
313,1,0.07653872533326979,sacudio
313,2,0.15307745066653958,sacudio
313,3,0.07653872533326979,sacudio
313,4,0.07653872533326979,sacudio
313,6,0.6505791653327933,sacudio
114,2,0.16216089259797276,salir
114,3,0.16216089259797276,salir
114,5,0.648643570391891,salir
546,1,0.6925038094837814,salvan
546,2,0.1978582312810804,salvan
29,1,0.27778543300440656,secundario
29,3,0.11574393041850273,secundario
29,4,0.04629757216740109,secundario
29,5,0.04629757216740109,secundario
29,6,0.09259514433480218,secundario
29,7,0.43982693559031033,secundario
3585,2,0.15927363964572447,seguido
3585,4,0.15927363964572447,seguido
3585,6,0.6370945585828979,seguido
4156,1,0.16000580712669718,seguimiento
4156,4,0.6400232285067887,seguimiento
4156,5,0.16000580712669718,seguimiento
2066,7,0.7728527373706258,seleccion
345,1,0.14370913698213383,semana
345,2,0.21556370547320075,semana
345,3,0.07185456849106692,semana
345,4,0.38322436528569026,semana
345,5,0.04790304566071128,semana
345,6,0.1197576141517782,semana
345,7,0.02395152283035564,semana
1272,1,0.28602052333453587,semanas
1272,2,0.09534017444484529,semanas
1272,3,0.04767008722242264,semanas
1272,4,0.20657037796383143,semanas
1272,5,0.20657037796383143,semanas
1272,6,0.0794501453707044,semanas
1272,7,0.0794501453707044,semanas
5369,7,0.64352578317312,semilla
755,1,0.15861313237811211,septiembre
755,2,0.15861313237811211,septiembre
755,3,0.12336576962742055,septiembre
755,4,0.2291078578794953,septiembre
755,5,0.1938604951288037,septiembre
755,6,0.07049472550138317,septiembre
755,7,0.07049472550138317,septiembre
8964,5,0.8659125267582891,sienten
12296,2,0.8485590032593181,silches
2539,6,0.21421774609869224,simmsamex
2539,7,0.6426532382960767,simmsamex
1691,1,0.13311372460230425,sismos
1691,2,0.3327843115057606,sismos
1691,3,0.15529934536935494,sismos
1691,4,0.06655686230115213,sismos
1691,5,0.17748496613640566,sismos
1691,6,0.06655686230115213,sismos
1691,7,0.06655686230115213,sismos
2030,1,0.05557869776599273,so
2030,2,0.5557869776599272,so
2030,5,0.11115739553198546,so
2030,6,0.1667360932979782,so
2030,7,0.05557869776599273,so
10030,7,0.8555294606640885,solicitud
199,1,0.08378904113568343,solo
199,2,0.10772876717445012,solo
199,3,0.05984931509691673,solo
199,4,0.2274273973682836,solo
199,5,0.11969863019383346,solo
199,6,0.11969863019383346,solo
199,7,0.2872767124652003,solo
1198,2,0.06479860174924311,soluciones
1198,4,0.25919440699697244,soluciones
1198,5,0.06479860174924311,soluciones
1198,7,0.5831874157431879,soluciones
11939,7,0.8558547071899681,somostuejercito
4847,1,0.07173000979394281,spain
4847,2,0.19128002611718084,spain
4847,3,0.3586500489697141,spain
4847,4,0.11955001632323801,spain
4847,5,0.11955001632323801,spain
4847,6,0.023910003264647605,spain
4847,7,0.11955001632323801,spain
9290,6,0.633961107038538,stop
5039,2,0.10831741327488723,subastado
5039,4,0.8665393061990978,subastado
140,1,0.6673720518523518,sufre
140,2,0.04524556283744759,sufre
140,3,0.011311390709361897,sufre
140,4,0.09049112567489517,sufre
140,5,0.011311390709361897,sufre
140,6,0.022622781418723793,sufre
140,7,0.14704807922170465,sufre
1434,1,0.07298142980111667,sur
1434,2,0.109472144701675,sur
1434,3,0.1642082170525125,sur
1434,4,0.1642082170525125,sur
1434,5,0.03649071490055834,sur
1434,6,0.03649071490055834,sur
1434,7,0.4378885788067,sur
4232,1,0.14053858291179772,surge
4232,2,0.7026929145589885,surge
4232,4,0.14053858291179772,surge
11626,6,0.6352276326379666,suspendido
375,3,0.8333266173889088,sustenta
410,5,0.8655887630620112,sv
2903,1,0.036457196687726914,tajogaite
2903,2,0.09114299171931728,tajogaite
2903,3,0.601543745347494,tajogaite
2903,4,0.018228598343863457,tajogaite
2903,5,0.018228598343863457,tajogaite
2903,6,0.07291439337545383,tajogaite
2903,7,0.18228598343863456,tajogaite
1450,1,0.02756001079475249,tazacorte
1450,2,0.19292007556326743,tazacorte
1450,3,0.35828014033178235,tazacorte
1450,4,0.05512002158950498,tazacorte
1450,5,0.02756001079475249,tazacorte
1450,6,0.16536006476851492,tazacorte
1450,7,0.16536006476851492,tazacorte
10460,7,0.643337908801066,telemundo
5370,7,0.855838485774824,templario
1675,2,0.10805670581457738,tendra
1675,3,0.10805670581457738,tendra
1675,5,0.5402835290728869,tendra
1675,6,0.10805670581457738,tendra
9069,2,0.6371371283182111,teodoro
7707,7,0.8557914893676845,teresa
425,1,0.05868445125173198,terminar
425,4,0.4107911587621239,terminar
425,5,0.05868445125173198,terminar
425,7,0.46947561001385585,terminar
12,1,0.4204530931235391,terremoto
12,2,0.20081341761124255,terremoto
12,3,0.09413128950526996,terremoto
12,4,0.03765251580210798,terremoto
12,5,0.03137709650175665,terremoto
12,6,0.20081341761124255,terremoto
12,7,0.01255083860070266,terremoto
1847,1,0.34776479074002314,terremotos
1847,2,0.09936136878286375,terremotos
1847,3,0.08280114065238646,terremotos
1847,4,0.13248182504381834,terremotos
1847,5,0.18216250943525022,terremotos
1847,6,0.11592159691334104,terremotos
1847,7,0.049680684391431876,terremotos
11673,3,0.8332359707770345,test
5796,4,0.8600873102778118,tetela
10247,2,0.8486152779979247,texas
4848,2,0.8506113864025538,there
1820,1,0.09872911772410553,tienes
1820,2,0.049364558862052765,tienes
1820,3,0.049364558862052765,tienes
1820,4,0.2961873531723166,tienes
1820,5,0.049364558862052765,tienes
1820,7,0.4442810297584749,tienes
7072,6,0.8447504852028721,tigres_canarias
411,5,0.6491858392052671,tn
402,1,0.2009050991921443,todoque
402,2,0.047582786650771015,todoque
402,3,0.4705408902131801,todoque
402,4,0.02114790517812045,todoque
402,5,0.02114790517812045,todoque
402,6,0.02114790517812045,todoque
402,7,0.22733998066479486,todoque
8806,2,0.8486474233925793,tomada
7884,6,0.844712864487632,tomando
6361,6,0.8447348703947563,torneo
4899,7,0.855827171803968,trailer
9070,2,0.6374636981427759,trepalio
1868,1,0.09443164917009748,tsunami
1868,2,0.1652553860476706,tsunami
1868,3,0.2596870352177681,tsunami
1868,4,0.07082373687757311,tsunami
1868,5,0.05901978073131093,tsunami
1868,6,0.21247121063271934,tsunami
1868,7,0.14164747375514622,tsunami
167,1,0.19556470645210802,tv
167,2,0.09778235322605401,tv
167,3,0.14667352983908102,tv
167,4,0.09778235322605401,tv
167,5,0.44002058951724304,tv
167,7,0.09778235322605401,tv
141,1,0.39214684941663885,ultima
141,2,0.21693229967728955,ultima
141,3,0.03337419995035224,ultima
141,4,0.06674839990070448,ultima
141,5,0.11680969982623285,ultima
141,6,0.1251532498138209,ultima
141,7,0.05006129992552836,ultima
33,1,0.29323680104553546,ultimas
33,2,0.11403653373993046,ultimas
33,3,0.04887280017425591,ultimas
33,4,0.11403653373993046,ultimas
33,5,0.24436400087127955,ultimas
33,6,0.11403653373993046,ultimas
33,7,0.08145466695709318,ultimas
4490,2,0.17245444372874674,unidos
4490,4,0.6035905530506136,unidos
4490,5,0.08622722186437337,unidos
4490,7,0.08622722186437337,unidos
4624,6,0.8446751360521128,util
11581,7,0.8555743403264698,utilizan
8822,2,0.1083342829030783,utilizara
8822,4,0.8666742632246264,utilizara
403,1,0.01942281243920999,vaca
403,2,0.1553824995136799,vaca
403,3,0.5632615607370897,vaca
403,4,0.01942281243920999,vaca
403,5,0.03884562487841998,vaca
403,6,0.03884562487841998,vaca
403,7,0.19422812439209988,vaca
34,1,0.29193002819901454,varios
34,2,0.048655004699835754,varios
34,3,0.09731000939967151,varios
34,4,0.01621833489994525,varios
34,5,0.08109167449972626,varios
34,6,0.048655004699835754,varios
34,7,0.4054583724986313,varios
7102,1,0.7911671778888097,vendria
272,1,0.06179024046691803,venezuela
272,3,0.06179024046691803,venezuela
272,4,0.06179024046691803,venezuela
272,5,0.6796926451360983,venezuela
272,6,0.06179024046691803,venezuela
272,7,0.12358048093383606,venezuela
4849,2,0.8487642659847926,vents
4849,3,0.14146071099746543,vents
3364,3,0.8335696070725938,veterinarios
106,1,0.3826511085316483,via
106,2,0.27787759071941126,via
106,3,0.03644296271729984,via
106,4,0.05010907373628728,via
106,5,0.05010907373628728,via
106,6,0.07288592543459968,via
106,7,0.13210573985021193,via
5783,6,0.8446432454390318,viajas
3172,2,0.2856959646223691,vickypalmameteo
3172,7,0.5713919292447383,vickypalmameteo
4916,1,0.1271621067402121,victor
4916,3,0.2543242134804242,victor
4916,4,0.6358105337010606,victor
231,1,0.043121458489691934,vida
231,2,0.043121458489691934,vida
231,3,0.25872875093815156,vida
231,4,0.21560729244845966,vida
231,5,0.043121458489691934,vida
231,6,0.3234109386726895,vida
231,7,0.10780364622422983,vida
814,1,0.29512924719028805,video
814,2,0.1164983870487979,video
814,3,0.13203150532197097,video
814,4,0.0854321505024518,video
814,5,0.1164983870487979,video
814,6,0.2329967740975958,video
814,7,0.015533118273173056,video
958,1,0.07233808665979902,viviendas
958,2,0.05425356499484927,viviendas
958,3,0.23509878164434683,viviendas
958,4,0.10850712998969854,viviendas
958,5,0.07233808665979902,viviendas
958,6,0.3616904332989951,viviendas
958,7,0.09042260832474877,viviendas
659,1,0.08602484697276261,vivo
659,2,0.1548447245509727,vivo
659,3,0.13763975515642018,vivo
659,4,0.034409938789105046,vivo
659,5,0.10322981636731512,vivo
659,6,0.17204969394552522,vivo
659,7,0.3096894491019454,vivo
1274,1,0.1040297743862002,volcanes
1274,2,0.0520148871931001,volcanes
1274,3,0.07802233078965015,volcanes
1274,4,0.28608187956205056,volcanes
1274,5,0.0520148871931001,volcanes
1274,6,0.1560446615793003,volcanes
1274,7,0.2600744359655005,volcanes
248,1,0.19275773905447252,volcanica
248,2,0.0385515478108945,volcanica
248,3,0.2216713999126434,volcanica
248,4,0.13493041733813077,volcanica
248,5,0.11565464343268352,volcanica
248,6,0.25058506077081427,volcanica
248,7,0.0385515478108945,volcanica
811,1,0.22792056635727842,volcanlapalma
811,2,0.20621384575182333,volcanlapalma
811,3,0.1953604854490958,volcanlapalma
811,4,0.0759735221190928,volcanlapalma
811,5,0.043413441210910175,volcanlapalma
811,6,0.13024032363273053,volcanlapalma
811,7,0.10853360302727544,volcanlapalma
2754,1,0.12337648448279093,volcano
2754,2,0.1708289785146336,volcano
2754,3,0.1993004749337392,volcano
2754,4,0.0854144892573168,volcano
2754,5,0.09490498806368533,volcano
2754,6,0.2277719713528448,volcano
2754,7,0.09490498806368533,volcano
11614,3,0.833382557641513,volcanodiscover
1385,1,0.09079800627690902,volcanologico
1385,2,0.04539900313845451,volcanologico
1385,3,0.2723940188307271,volcanologico
1385,5,0.09079800627690902,volcanologico
1385,6,0.04539900313845451,volcanologico
1385,7,0.45399003138454513,volcanologico
1293,1,0.5263834952569889,vulcanologo
1293,2,0.03289896845356181,vulcanologo
1293,3,0.09869690536068541,vulcanologo
1293,4,0.06579793690712361,vulcanologo
1293,5,0.09869690536068541,vulcanologo
1293,7,0.16449484226780903,vulcanologo
6705,7,0.85559781075627,webcamsdemexico
2879,3,0.8332059712010346,yebra
551,1,0.2751959956746023,zona
551,2,0.09173199855820077,zona
551,3,0.06879899891865057,zona
551,4,0.12613149801752604,zona
551,5,0.09173199855820077,zona
551,6,0.24079649621527702,zona
551,7,0.11466499819775096,zona
