,Term,Freq,Total,Category,logprob,loglift
470,todoque,176.0,176.0,Default,30.0,30.0
787,erupcionlapalma,418.0,418.0,Default,29.0,29.0
12,isla,564.0,564.0,Default,28.0,28.0
4397,lalaguna,84.0,84.0,Default,27.0,27.0
365,magnitud,125.0,125.0,Default,26.0,26.0
160,mayor,124.0,124.0,Default,25.0,25.0
109,principal,254.0,254.0,Default,24.0,24.0
345,mar,138.0,138.0,Default,23.0,23.0
106,derrumbe,128.0,128.0,Default,22.0,22.0
133,perros,195.0,195.0,Default,21.0,21.0
13,terremoto,153.0,153.0,Default,20.0,20.0
2183,atrapados,113.0,113.0,Default,19.0,19.0
11,espanola,111.0,111.0,Default,18.0,18.0
108,parcial,49.0,49.0,Default,17.0,17.0
1716,icono,25.0,25.0,Default,16.0,16.0
725,laguna,151.0,151.0,Default,15.0,15.0
163,ultima,112.0,112.0,Default,14.0,14.0
460,cabeza,55.0,55.0,Default,13.0,13.0
3474,tajogaite,51.0,51.0,Default,12.0,12.0
217,espana,339.0,339.0,Default,11.0,11.0
191,imagenes,136.0,136.0,Default,10.0,10.0
2214,afectados,96.0,96.0,Default,9.0,9.0
1690,colada,155.0,155.0,Default,8.0,8.0
809,canaria,70.0,70.0,Default,7.0,7.0
1551,llegando,28.0,28.0,Default,6.0,6.0
471,vaca,48.0,48.0,Default,5.0,5.0
745,youtube,142.0,142.0,Default,4.0,4.0
158,hora,121.0,121.0,Default,3.0,3.0
136,rescatar,33.0,33.0,Default,2.0,2.0
2182,animalistas,14.0,14.0,Default,1.0,1.0
157,desperto,9.139558227377988,10.509452679164106,Topic1,-7.1361,1.4595
2141,erupcionando,4.212362894659714,4.84915462653213,Topic1,-7.9107,1.4583
233,posicion,4.824098189794645,5.650147559363567,Topic1,-7.7751,1.4411
236,torcidas,3.398872681271008,4.034061014773931,Topic1,-8.1253,1.4278
1235,movimiento,3.3975049736823526,4.032847993592316,Topic1,-8.1257,1.4277
223,aparecieran,3.394099408525752,4.029575386325057,Topic1,-8.1267,1.4275
1508,jima,3.944862419684611,4.830876530152424,Topic1,-7.9763,1.3965
6739,gravedad,4.5235531374118185,5.613769211970449,Topic1,-7.8394,1.3832
4379,periodico,3.232726625033988,4.020715425291394,Topic1,-8.1754,1.381
11139,chicadelaradio,2.5788196774367376,3.213774982312429,Topic1,-8.4014,1.379
5680,pico,2.57794664414701,3.2130270083257333,Topic1,-8.4017,1.3789
5681,reconstruir,2.577713345051975,3.212910271216303,Topic1,-8.4018,1.3789
17067,convivir,2.5770988459313147,3.2121493907978316,Topic1,-8.4021,1.3789
11143,olgarallo,2.5768112329352153,3.2118670063507673,Topic1,-8.4022,1.3788
3392,oremos,2.5772450756649503,3.212429529255192,Topic1,-8.402,1.3788
15503,compartido,2.577053723613507,3.2122461728237064,Topic1,-8.4021,1.3788
4922,xrnl,2.576359508398053,3.2117081494310082,Topic1,-8.4024,1.3787
5573,merced,2.5760673831701735,3.2114887599810493,Topic1,-8.4025,1.3787
6550,ninforma,2.5761066562986352,3.2116597225284584,Topic1,-8.4025,1.3786
9598,signo,2.5747102041223395,3.210577949502632,Topic1,-8.403,1.3784
14645,desplazarse,2.569998598544754,3.2113834314952077,Topic1,-8.4048,1.3763
14646,obligando,2.5669127333658053,3.209142778647513,Topic1,-8.406,1.3758
1507,iwo,3.7711565368981765,4.81020207761822,Topic1,-8.0214,1.3558
368,sacudio,20.719475793204836,26.486899859015896,Topic1,-6.3177,1.3536
13809,comenzara,8.63988905498926,11.15864282177585,Topic1,-7.1924,1.3433
2546,nino,3.0892567060513008,3.9986309979457193,Topic1,-8.2208,1.3411
1233,enjambre,16.573048971719412,21.586860635290318,Topic1,-6.541,1.3348
1237,sismico,16.461836830617642,21.566072680304384,Topic1,-6.5477,1.3291
15435,registros,2.4312122090307944,3.19601520816685,Topic1,-8.4604,1.3256
6277,cumplirse,6.676732654012446,8.80100454710887,Topic1,-7.4501,1.3229
13391,modificados,3.633567560003072,4.790807806636468,Topic1,-8.0585,1.3226
365,magnitud,91.68057082217962,125.99098441774382,Topic1,-4.8304,1.2812
160,mayor,89.36063927332577,124.8067632791075,Topic1,-4.8561,1.265
1014,gafe,12.543968252642458,17.471470989970655,Topic1,-6.8195,1.2678
13,terremoto,94.37913944900792,153.52777022854252,Topic1,-4.8014,1.1126
11,espanola,65.90909871846745,111.97764201592412,Topic1,-5.1605,1.0691
12193,alcanzado,12.436178722906238,18.199394638824884,Topic1,-6.8281,1.2184
12,isla,273.30576398193193,564.6015856968575,Topic1,-3.7382,0.8736
809,canaria,41.55006612960922,70.38698523999408,Topic1,-5.6218,1.072
224,camara,18.68928567689314,29.143879340718982,Topic1,-6.4208,1.1548
13814,termografica,12.412915661281016,18.92908517831543,Topic1,-6.83,1.1772
1227,carga,7.721199332906485,11.0703005021018,Topic1,-7.3048,1.2388
785,cumbr,8.135719014959077,11.826494263663758,Topic1,-7.2525,1.2251
5979,evacuacion,17.643961339721365,29.81921774493117,Topic1,-6.4783,1.0744
5100,novedades,9.322200668766053,14.271744493573989,Topic1,-7.1163,1.1732
1234,inicio,31.66502704896023,62.26161913583297,Topic1,-5.8935,0.923
787,erupcionlapalma,156.9544863495036,418.7355720690823,Topic1,-4.2928,0.6178
7296,detalle,10.771999457328286,17.323433804970676,Topic1,-6.9718,1.124
120,cnnee,22.580924484407102,45.70600964424453,Topic1,-6.2316,0.894
227,erupciones,32.25258781165022,74.1656048159259,Topic1,-5.8751,0.7664
8502,plena,13.864076141122863,24.907089530511545,Topic1,-6.7194,1.0133
1052,personas,35.08760097969828,88.52858817271388,Topic1,-5.7909,0.6737
3899,comenzo,18.164551224082015,37.19774352161175,Topic1,-6.4493,0.8824
745,youtube,48.20735808367383,142.26343557484262,Topic1,-5.4732,0.517
118,via,60.9744632169018,205.15100168290337,Topic1,-5.2383,0.3858
110,actividad,41.65136740428411,129.08731644001602,Topic1,-5.6194,0.468
163,ultima,37.16606194888231,112.36799106555,Topic1,-5.7333,0.4927
37,varios,24.178973817963882,59.25889896342725,Topic1,-6.1633,0.7027
217,espana,77.52249503867115,339.9218575258884,Topic1,-4.9982,0.121
158,hora,38.37190141126811,121.31002843698009,Topic1,-5.7014,0.4481
285,volcanica,33.38543206492029,99.20373527640211,Topic1,-5.8406,0.5101
162,sufre,28.421260496835995,80.83972630702003,Topic1,-6.0016,0.5538
109,principal,47.28039192578698,254.6749789949934,Topic1,-5.4926,-0.0848
1923,boca,25.52843995760683,80.91114977872988,Topic1,-6.1089,0.4456
219,noticias,29.147819389694256,109.95432236234163,Topic1,-5.9764,0.2714
1121,ceniza,28.657508920258202,112.17970226822672,Topic1,-5.9933,0.2344
1174,gran,24.133955782846385,77.1780339621415,Topic1,-6.1651,0.4366
191,imagenes,29.892146448586953,136.3539733564904,Topic1,-5.9511,0.0815
133,perros,32.05289448196117,195.0726293425822,Topic1,-5.8814,-0.2069
197,nueva,26.292265205622645,105.50055730545279,Topic1,-6.0795,0.2097
36,ultimas,21.339451092050204,59.2218018676157,Topic1,-6.2882,0.5784
195,cenizas,23.368472707450383,116.8162933119332,Topic1,-6.1974,-0.0101
427,mundo,21.421271558050318,70.81037540509789,Topic1,-6.2844,0.4035
3179,olvide,3.021495202380915,3.670023816105203,Topic2,-7.9154,1.7322
3183,asciende,3.0190512303446564,3.668700781491588,Topic2,-7.9162,1.7318
3251,funde,3.019282234600794,3.6696980281856213,Topic2,-7.9162,1.7316
12099,determinaron,2.291834656561411,2.9399978369713153,Topic2,-8.1918,1.6776
12098,ariadanne,2.290186312322882,2.9384116485314005,Topic2,-8.1926,1.6775
6722,difunden,2.29152151210575,2.9402481647817376,Topic2,-8.192,1.6774
13077,nsido,2.291811772928113,2.9406393757737237,Topic2,-8.1918,1.6774
3178,fcamisr,2.2902677298813536,2.9387944599212115,Topic2,-8.1925,1.6774
2055,pequenito,2.291110570227783,2.9404696519839155,Topic2,-8.1921,1.6772
6248,joaquinbondoni,2.289772239000358,2.9387807777058654,Topic2,-8.1927,1.6771
2190,apurar,2.2879509426701636,2.9370651347899592,Topic2,-8.1935,1.6769
9033,ntoda,10.008966862750938,13.151710525178185,Topic2,-6.7177,1.6536
9032,actualizada,2.738710342576618,3.6804663589424744,Topic2,-8.0137,1.6311
5102,cams,2.74515437371342,3.696687663591942,Topic2,-8.0113,1.6291
6796,aseguran,3.749206544404104,5.157869526458451,Topic2,-7.6996,1.6077
3707,xe,2.6928503370450674,3.712021581685609,Topic2,-8.0306,1.6057
16052,thboi,7.391711765225585,10.220941579702929,Topic2,-7.0208,1.6026
16049,cqkg,7.387634624412879,10.217088254775545,Topic2,-7.0214,1.6024
13592,ocasion,2.124789191971165,2.941200641617682,Topic2,-8.2675,1.6015
7813,vivos,1.5641121136019231,2.211976374500164,Topic2,-8.5739,1.5801
3190,mateos,1.5635848265146604,2.2114559118012163,Topic2,-8.5742,1.58
3164,nueces,1.563403684491078,2.2112813110976286,Topic2,-8.5743,1.58
3481,gol,1.563263973887783,2.211136530882875,Topic2,-8.5744,1.58
590,nme,1.5633646618742956,2.2113209324237797,Topic2,-8.5743,1.5799
3625,votamos,1.5633172084452454,2.2112637054728643,Topic2,-8.5744,1.5799
1378,tecnico,1.5630762076545617,2.211000851787827,Topic2,-8.5745,1.5799
14715,generara,1.5630226117765735,2.2109527632868766,Topic2,-8.5746,1.5799
3445,yebra,1.5629146973795458,2.2108376298249515,Topic2,-8.5746,1.5799
2063,explique,1.5632722842598756,2.2113519119016356,Topic2,-8.5744,1.5799
3191,requerida,1.562668878981852,2.210582888700977,Topic2,-8.5748,1.5798
3045,mobilsocial,1.5629074709690305,2.2109281961509955,Topic2,-8.5746,1.5798
183,efeservicios,7.393038534196186,10.981083484857232,Topic2,-7.0206,1.5311
271,previstas,2.061745263995043,2.9669244219759605,Topic2,-8.2976,1.5627
4163,sepa,2.0449498815558416,2.950310297209902,Topic2,-8.3058,1.5601
312,venezuela,9.663600324363145,15.726144958737544,Topic2,-6.7528,1.4397
3181,premios,3.378247673176541,5.153734605477022,Topic2,-7.8038,1.5043
2188,perritos,7.437130237074654,12.565243563197557,Topic2,-7.0147,1.4022
4397,lalaguna,40.00502705796745,84.22810913959118,Topic2,-5.3322,1.1822
2394,rescatados,9.762486525853872,18.45674551464255,Topic2,-6.7426,1.2898
2540,rescatado,5.487737590565513,9.627778796789668,Topic2,-7.3187,1.3646
137,rescatarlos,3.6856454463154407,6.038343179110131,Topic2,-7.7167,1.433
372,material,9.444679590128452,19.979851085415262,Topic2,-6.7757,1.1774
589,mucho,14.506447741179736,34.9024992857125,Topic2,-6.3466,1.0487
184,endirecto,7.391985405303763,15.561808777269738,Topic2,-7.0208,1.1823
217,espana,78.95109013790126,339.9218575258884,Topic2,-4.6524,0.4668
745,youtube,40.349682517560545,142.26343557484262,Topic2,-5.3236,0.6666
185,informacion,14.695477150959135,38.85581302286597,Topic2,-6.3336,0.9544
118,via,49.594809117156586,205.15100168290337,Topic2,-5.1173,0.5068
190,drones,21.09782153430208,65.80517936539609,Topic2,-5.972,0.7892
2364,caribe,15.926303477952139,44.32195681141964,Topic2,-6.2532,0.9032
163,ultima,30.815381947743326,112.36799106555,Topic2,-5.5932,0.6329
1578,hectareas,34.097268809023866,130.41113684297713,Topic2,-5.492,0.5852
158,hora,30.093673584935157,121.31002843698009,Topic2,-5.6169,0.5327
109,principal,49.3313129922996,254.6749789949934,Topic2,-5.1226,0.2853
1576,arrasa,16.566775424312034,52.065231506774744,Topic2,-6.2138,0.7816
3009,equipo,12.895637478866668,36.27466943857394,Topic2,-6.4643,0.8925
3474,tajogaite,16.30253931501829,51.29543430557624,Topic2,-6.2299,0.7804
1689,tazacorte,11.89944884721833,32.85366516650309,Topic2,-6.5447,0.9111
1068,derrumba,22.221430090240975,85.74542404138117,Topic2,-5.9201,0.5764
209,islas,22.779324398360966,91.09405669689976,Topic2,-5.8953,0.5406
191,imagenes,29.218352932043548,136.3539733564904,Topic2,-5.6464,0.3862
787,erupcionlapalma,55.93073315265033,418.7355720690823,Topic2,-4.9971,-0.0864
470,todoque,32.70950893367461,176.8762092946788,Topic2,-5.5335,0.2389
219,noticias,24.38758421952285,109.95432236234163,Topic2,-5.8271,0.4207
133,perros,34.318250515537514,195.0726293425822,Topic2,-5.4855,0.189
2183,atrapados,24.78056220447074,113.48621476109798,Topic2,-5.8111,0.4051
106,derrumbe,26.18042776271515,128.4987901873407,Topic2,-5.7562,0.3358
110,actividad,25.81796450056967,129.08731644001602,Topic2,-5.7701,0.3173
725,laguna,26.98137227154097,151.9859642847945,Topic2,-5.726,0.198
216,cumbrevieja,22.39527825680993,115.21344555141485,Topic2,-5.9123,0.2888
12,isla,44.1630843980162,564.6015856968575,Topic2,-5.2333,-0.6215
162,sufre,18.733446001065403,80.83972630702003,Topic2,-6.0909,0.4645
2422,edificaciones,17.93177499710245,75.64620355991941,Topic2,-6.1346,0.4872
345,mar,22.50335259839045,138.40049865930192,Topic2,-5.9075,0.1102
708,bocas,16.51807519856764,61.93589154167545,Topic2,-6.2167,0.605
116,octubre,17.013223065944388,77.49423605792731,Topic2,-6.1872,0.4105
1121,ceniza,17.088013524213057,112.17970226822672,Topic2,-6.1828,0.045
925,volcanlapalma,16.432439343397682,86.50661066695335,Topic2,-6.2219,0.2657
6038,bla,7.711842340077961,8.356444130370658,Topic3,-6.9528,1.872
12143,piedad,11.500665484872005,12.88767823273241,Topic3,-6.5532,1.8384
13398,describir,10.750143593896134,12.122133920266258,Topic3,-6.6207,1.8322
5587,felipe,3.9131686471195413,4.557207619304246,Topic3,-7.6312,1.7999
6085,emwv,3.9011903955784786,4.548546949188208,Topic3,-7.6343,1.7988
13397,angustia,10.894169061088903,12.887229026255994,Topic3,-6.6074,1.7843
6689,crtvg,3.151080333307385,3.795012206759113,Topic3,-7.8478,1.7663
15771,arroyos,4.89287109915898,6.052125041291482,Topic3,-7.4078,1.7396
2100,tristeza,10.801801095034056,13.666662194345438,Topic3,-6.6159,1.717
12017,sen,2.391040597288387,3.0347881924776208,Topic3,-8.1239,1.7139
2237,informativo,2.38949588745444,3.033376311615282,Topic3,-8.1245,1.7137
1130,regiones,2.3891486271041726,3.0329928734353344,Topic3,-8.1247,1.7137
8628,aceleracion,2.3877419761518732,3.031510169522286,Topic3,-8.1252,1.7136
16659,cobra,2.384564508727826,3.0308130271379707,Topic3,-8.1266,1.7125
5055,sectores,2.3792062744793827,3.0326501064303066,Topic3,-8.1288,1.7096
2366,hlv,2.256343965955535,3.041119983426894,Topic3,-8.1818,1.6538
2369,plandelluvias,2.252774392524086,3.0439603611192,Topic3,-8.1834,1.6513
12472,enviadas,2.2143785270209113,3.025273752080739,Topic3,-8.2006,1.6402
8414,prometieron,1.6303821790361548,2.273831130790299,Topic3,-8.5068,1.6196
3600,obligar,1.6298943944670676,2.273374956028811,Topic3,-8.5071,1.6195
8819,modificara,1.6300784729759312,2.273699894947589,Topic3,-8.507,1.6195
14288,erupcin,1.6297683100802565,2.2732768271865926,Topic3,-8.5072,1.6195
11798,respirar,1.6296196854678704,2.2732347011160567,Topic3,-8.5072,1.6194
2233,cabe,1.629401209635603,2.272942657428279,Topic3,-8.5074,1.6194
5588,lun,1.6295385641352014,2.2732162526843185,Topic3,-8.5073,1.6194
5590,vanityfairspain,1.6294194061718745,2.273058824192128,Topic3,-8.5074,1.6194
12761,palenciacharlie,1.629141644850464,2.2727292909470282,Topic3,-8.5075,1.6194
12563,arrastrandose,1.6288631791470043,2.272423078163808,Topic3,-8.5077,1.6193
442,sustenta,1.6288573092965941,2.272419495005899,Topic3,-8.5077,1.6193
8629,aprobar,1.6286585561617049,2.2721525072229984,Topic3,-8.5078,1.6193
470,todoque,118.12665033260717,176.8762092946788,Topic3,-4.2238,1.5486
4985,dmm,9.980111259332833,14.392229414965255,Topic3,-6.695,1.5862
1125,hysplit,2.1558638666337977,3.0226921525584385,Topic3,-8.2274,1.6143
7942,ntras,4.152024130423209,6.020449961742563,Topic3,-7.572,1.5807
11796,corriente,3.1484525186757484,4.521114911675859,Topic3,-7.8487,1.5904
2367,inamehinforma,6.536250300973391,9.778201543328112,Topic3,-7.1182,1.5495
3413,palabras,11.25891686969816,17.43599895027401,Topic3,-6.5744,1.5149
17952,envuelto,5.505080061361287,8.257454880557095,Topic3,-7.2899,1.5468
17950,desesperada,5.493558249388121,8.262575828446597,Topic3,-7.292,1.5441
1221,maxima,9.983279100202209,15.87959510827537,Topic3,-6.6947,1.4882
1084,tanta,10.878759060204022,17.99857336837522,Topic3,-6.6088,1.4488
12024,pausa,6.190251264162332,9.825186645210579,Topic3,-7.1726,1.4903
2213,acelerar,7.985966232586251,13.615258361965296,Topic3,-6.9179,1.4188
450,nivel,14.491983516830903,27.798009545642007,Topic3,-6.322,1.3009
808,arroja,9.226417770783323,16.794814141822698,Topic3,-6.7735,1.3533
4397,lalaguna,34.2725031479226,84.22810913959118,Topic3,-5.4613,1.0531
460,cabeza,23.250982751510143,55.90771987395033,Topic3,-5.8492,1.0749
3474,tajogaite,21.403676024272897,51.29543430557624,Topic3,-5.932,1.0782
3097,lapalmavolcan,13.855258772199386,29.2483445662855,Topic3,-6.3669,1.2051
471,vaca,19.994151193212666,48.38716273399242,Topic3,-6.0002,1.0685
725,laguna,46.22126080382012,151.9859642847945,Topic3,-5.1622,0.7619
8845,visual,5.488475898108957,9.078615312280942,Topic3,-7.2929,1.449
1953,reactivan,6.1558412618816964,10.597009320291102,Topic3,-7.1782,1.4091
838,alber_canarias,7.704569360625712,14.30680783083935,Topic3,-6.9538,1.3334
515,riesgo,11.823768348379039,26.207076861834683,Topic3,-6.5255,1.1564
2170,tsunami,26.63959949533702,81.31849326175023,Topic3,-5.7132,0.8363
1694,parada,12.790515805769157,30.28337705116497,Topic3,-6.4469,1.0904
1690,colada,36.412445867097794,155.6713866800478,Topic3,-5.4007,0.4994
2228,barrio,18.509680112115053,55.59841688323641,Topic3,-6.0773,0.8524
7107,avanza,18.559563509664997,56.42848630409295,Topic3,-6.0746,0.8403
1951,ensanchan,9.98436009185375,21.272137091671244,Topic3,-6.6946,1.1959
1578,hectareas,29.377062932636083,130.41113684297713,Topic3,-5.6154,0.4618
929,video,25.70771331432707,119.97090350913665,Topic3,-5.7488,0.4118
2227,arrasado,9.966158859701814,22.472335798343924,Topic3,-6.6964,1.1392
209,islas,21.0686249628589,91.09405669689976,Topic3,-5.9478,0.4882
217,espana,41.697989766413485,339.9218575258884,Topic3,-5.2651,-0.146
109,principal,35.71854877947097,254.6749789949934,Topic3,-5.4199,-0.012
1121,ceniza,22.884082351358458,112.17970226822672,Topic3,-5.8652,0.3626
133,perros,29.98779597965125,195.0726293425822,Topic3,-5.5948,0.0797
195,cenizas,22.030594831603157,116.8162933119332,Topic3,-5.9032,0.2841
787,erupcionlapalma,36.071874328770015,418.7355720690823,Topic3,-5.4101,-0.4994
1016,sanchez,15.587400912740717,57.4574211806524,Topic3,-6.2491,0.6477
12,isla,31.683051980214906,564.6015856968575,Topic3,-5.5398,-0.9281
1720,norte,15.352994776047979,56.46946976067604,Topic3,-6.2643,0.6499
131,fotos,16.17427419180852,79.51878635756165,Topic3,-6.2122,0.3597
3270,eruption,13.708587646029734,41.268312082569764,Topic3,-6.3776,0.8502
2422,edificaciones,15.612026109181572,75.64620355991941,Topic3,-6.2476,0.3743
2214,afectados,16.24026445888404,96.93337508365276,Topic3,-6.2081,0.1657
925,volcanlapalma,15.066208911822846,86.50661066695335,Topic3,-6.2831,0.2045
106,derrumbe,15.806006351305275,128.4987901873407,Topic3,-6.2352,-0.1433
216,cumbrevieja,15.482159660354263,115.21344555141485,Topic3,-6.2559,-0.0548
624,zona,14.357883262299726,81.45768252454411,Topic3,-6.3313,0.2165
14157,mk,2.383561037984526,3.0280958943284033,Topic4,-8.0882,1.7517
10483,arrase,2.382233867184359,3.026723335664162,Topic4,-8.0888,1.7516
3927,declarado,2.3798582404865782,3.024884602117782,Topic4,-8.0898,1.7512
1695,puesta,2.9331457187604792,3.7762936039855313,Topic4,-7.8807,1.7384
3806,sopa,2.3010331939575908,3.0242120237869554,Topic4,-8.1235,1.7178
14812,seguia,4.6553366206519105,6.118795077329282,Topic4,-7.4188,1.7177
8088,nv,2.282472226970502,3.023225937165992,Topic4,-8.1316,1.71
5316,llegue,4.488642522627922,6.024180646127997,Topic4,-7.4553,1.6968
8962,arriesgan,3.900852217357164,5.27272575214885,Topic4,-7.5956,1.6897
6991,prometio,1.6261955266695391,2.2698696316430014,Topic4,-8.4706,1.6576
533,irme,1.626408741311363,2.2701757704932413,Topic4,-8.4704,1.6576
10539,palma_,1.6263912369313405,2.2701594088534924,Topic4,-8.4705,1.6576
12904,comision,1.626088806417143,2.269761743904978,Topic4,-8.4706,1.6576
10241,carcel,1.6262894856642411,2.270075234601436,Topic4,-8.4705,1.6575
11621,nparece,1.6262823709807481,2.2700769093792563,Topic4,-8.4705,1.6575
3644,hits,1.6258693805436981,2.2695314854882382,Topic4,-8.4708,1.6575
9120,fundida,1.6258978392776704,2.269582564057446,Topic4,-8.4708,1.6575
3269,epiclava,1.6260165302673721,2.2697843928848034,Topic4,-8.4707,1.6575
5146,leyendas,1.625834936441073,2.2695643799031813,Topic4,-8.4708,1.6575
6977,humanas,1.6256794297875816,2.269455012131828,Topic4,-8.4709,1.6574
11879,nnueva,1.6254059097332927,2.26911021034608,Topic4,-8.4711,1.6574
5738,util,1.6252600022559427,2.2689576401302975,Topic4,-8.4711,1.6574
18003,pausas,1.6256812366913258,2.2695596307939008,Topic4,-8.4709,1.6574
14158,wzd,1.6258032026940643,2.269732406304503,Topic4,-8.4708,1.6574
13491,om,1.6260989702507045,2.2701537766982463,Topic4,-8.4706,1.6574
16176,viaafp,1.6259997034762537,2.270029621430998,Topic4,-8.4707,1.6574
10538,html,1.6254034252406442,2.2692397649816107,Topic4,-8.4711,1.6574
6814,limites,1.6252913972084995,2.2690834888773512,Topic4,-8.4711,1.6574
8292,yihadistas,1.6256788651301615,2.2696276932036366,Topic4,-8.4709,1.6574
3641,collapsed,1.6249702200679552,2.2686692346984074,Topic4,-8.4713,1.6574
5977,turistas,2.674591344733363,3.7675106256640163,Topic4,-7.973,1.6484
13658,reactivacion,3.1281320897492972,4.5047115918441785,Topic4,-7.8164,1.6264
15481,avanzando,5.978593215583025,9.055054856487097,Topic4,-7.1686,1.5759
13915,milimetrica,3.1436547480903942,4.607493175632855,Topic4,-7.8114,1.6088
1551,llegando,17.059059560332198,28.79532694881316,Topic4,-6.1201,1.4675
5630,cronologia,14.793009829767438,25.82349751625233,Topic4,-6.2627,1.4339
7125,aporte,8.329590460151266,13.678463730558176,Topic4,-6.837,1.4951
4865,vino,3.0443362510198195,4.537376231230173,Topic4,-7.8435,1.592
11774,cumplen,8.632413072461151,14.534686243879786,Topic4,-6.8013,1.47
3928,invadido,2.5524103204494937,3.7633009111016196,Topic4,-8.0198,1.6028
4449,continuan,7.657195500862501,12.946524274910926,Topic4,-6.9212,1.4659
345,mar,61.17356466563633,138.40049865930192,Topic4,-4.8431,1.1746
693,hombre,3.9004479226443833,6.082666019464246,Topic4,-7.5957,1.5467
4188,suceder,3.9005454954465737,6.093401648457656,Topic4,-7.5957,1.545
4166,pacifico,2.091717172824831,3.0513938393223357,Topic4,-8.2188,1.6134
2160,vecino,2.481634804238266,3.7587543500180463,Topic4,-8.0479,1.5759
1968,sismos,18.571669277966397,42.991450190501496,Topic4,-6.0352,1.1517
1080,martes,8.760896577005038,17.33308611340085,Topic4,-6.7865,1.3087
9855,ndocumental,9.128147956124401,18.709226077932538,Topic4,-6.7455,1.2734
9854,mczff,9.127052972455372,18.70891778806059,Topic4,-6.7456,1.2733
3099,tramitado,4.658017162356536,8.27861058455739,Topic4,-7.4182,1.416
3094,expedientes,4.656694057089794,8.27656997594983,Topic4,-7.4185,1.4159
9280,tve,9.919270043189861,21.642555966659376,Topic4,-6.6623,1.2109
9853,emitido,9.92389300641958,22.458488637206866,Topic4,-6.6619,1.1743
2243,paso,21.399095994868155,64.04650804251202,Topic4,-5.8935,0.8948
20,coladas,35.03926419426386,128.0193209964857,Topic4,-5.4003,0.6953
1226,vista,12.612168259071275,33.22099827069076,Topic4,-6.4222,1.0225
195,cenizas,29.37568341537551,116.8162933119332,Topic4,-5.5766,0.6106
348,tierra,11.999535737672405,32.09343645926388,Topic4,-6.4719,1.0073
91,gobierno,19.66194054202964,65.66485300566802,Topic4,-5.9781,0.7852
1690,colada,35.4804378124651,155.6713866800478,Topic4,-5.3878,0.5123
6917,explosiones,8.180979854799942,18.66631694369954,Topic4,-6.855,1.1661
347,rios,12.427247019526952,35.44248533636268,Topic4,-6.4369,0.943
197,nueva,25.247504637951597,105.50055730545279,Topic4,-5.7281,0.5611
725,laguna,31.674849174313394,151.9859642847945,Topic4,-5.5013,0.4228
6468,destruido,10.56288644654362,28.594535344070025,Topic4,-6.5995,0.9952
217,espana,51.156130059279576,339.9218575258884,Topic4,-5.0219,0.0972
766,cientificos,14.692084317679303,49.49255309942578,Topic4,-6.2695,0.7765
1090,viviendas,15.170162137953534,52.43922052906474,Topic4,-6.2375,0.7507
12,isla,52.450953668616776,564.6015856968575,Topic4,-4.9969,-0.3852
1463,semanas,15.324009150355757,59.85072797562796,Topic4,-6.2274,0.6286
609,nla,14.608034383110788,56.351899156266455,Topic4,-6.2752,0.641
219,noticias,18.73552653711188,109.95432236234163,Topic4,-6.0264,0.2214
267,vida,12.27707163553309,44.52179244258419,Topic4,-6.4491,0.7028
3272,volcano,16.282139736696706,99.85823601994068,Topic4,-6.1667,0.1774
13,terremoto,17.704046500175984,153.52777022854252,Topic4,-6.083,-0.169
209,islas,14.646178121152351,91.09405669689976,Topic4,-6.2726,0.1633
216,cumbrevieja,15.10995971900191,115.21344555141485,Topic4,-6.2415,-0.0404
787,erupcionlapalma,21.009046911207324,418.7355720690823,Topic4,-5.9119,-1.0012
36,ultimas,12.544199767826772,59.2218018676157,Topic4,-6.4276,0.439
745,youtube,15.26846854306435,142.26343557484262,Topic4,-6.231,-0.2408
118,via,16.164857228463557,205.15100168290337,Topic4,-6.174,-0.5498
2214,afectados,13.566359795249715,96.93337508365276,Topic4,-6.3492,0.0246
1923,boca,12.495737705953548,80.91114977872988,Topic4,-6.4314,0.1231
3828,elmorromazo,6.621345583992493,7.310764645070922,Topic5,-7.0654,1.8932
3829,glezjuanje,5.888003218140951,6.581204459027052,Topic5,-7.1827,1.8809
3830,gus_texeda,5.886213296147644,6.5800318723396165,Topic5,-7.183,1.8808
3831,himargonzalez,5.880790739425795,6.579916299853294,Topic5,-7.184,1.8799
3836,vickypalmameteo,5.870639124873884,6.577121810365861,Topic5,-7.1857,1.8786
3832,orbitalaika_tve,5.866402780635123,6.576925209730554,Topic5,-7.1864,1.8779
16533,iguana,3.747066783315986,4.395650075347708,Topic5,-7.6347,1.8326
10997,registradores,3.0124400683457266,3.6615969336406935,Topic5,-7.8529,1.7971
9241,rescatando,3.0089928780183075,3.6628493990892306,Topic5,-7.8541,1.7956
8243,rabwaz,2.983893813051902,3.6659001788353534,Topic5,-7.8624,1.7864
3835,tiempobrasero,5.887698656168307,7.34102192850997,Topic5,-7.1828,1.7716
3833,slaplana_tve,5.881588014989742,7.33885931419529,Topic5,-7.1838,1.7709
8958,saint,2.930065755608085,3.6644107520699,Topic5,-7.8806,1.7686
8956,michel,2.916527863123284,3.6638245945741073,Topic5,-7.8853,1.7641
8955,jolanta,2.916815730587799,3.664827239020203,Topic5,-7.8852,1.7639
8950,blij,2.915488291589989,3.6635790219531392,Topic5,-7.8856,1.7638
8954,guy,2.910963177480868,3.6622528718721497,Topic5,-7.8872,1.7626
8953,grand,2.9111734380427237,3.664038681943487,Topic5,-7.8871,1.7622
13457,sonrisas,2.289845807309557,2.938045474455457,Topic5,-8.1272,1.743
12771,alarma,2.2899522911992523,2.9382079395958502,Topic5,-8.1271,1.7429
11260,remitir,2.28895580954505,2.9372635532008977,Topic5,-8.1276,1.7428
11259,reciben,2.2880822806872123,2.9364507703642024,Topic5,-8.1279,1.7427
0,anuncio,2.2881851549535277,2.936626387543812,Topic5,-8.1279,1.7427
12779,lomitos,2.2878287046448027,2.93625481314892,Topic5,-8.1281,1.7427
429,pensado,2.2878686361034384,2.936983194290702,Topic5,-8.128,1.7425
2758,elle,2.2870618852781206,2.9367618491391725,Topic5,-8.1284,1.7422
14347,stream,2.202793197070627,2.9413224047402795,Topic5,-8.1659,1.7031
14345,kwuqp,2.1994700875468784,2.9410683559370834,Topic5,-8.1674,1.7017
16260,reaches,2.187240909138606,2.9417557528934513,Topic5,-8.173,1.6959
14030,patas,1.5620596670456355,2.210054425886121,Topic5,-8.5097,1.6452
3750,my,2.5813867404174133,3.7192912350620513,Topic5,-8.0073,1.627
3827,divulgameteo,6.621024327511718,10.409789024861274,Topic5,-7.0654,1.5397
1554,perez,5.916292287768987,9.573621481628429,Topic5,-7.1779,1.5109
2214,afectados,36.27113448619376,96.93337508365276,Topic5,-5.3646,1.0092
565,provocar,7.169374848772839,13.486817028897738,Topic5,-6.9858,1.3603
196,lluvia,10.862279007678021,25.24241516851792,Topic5,-6.5704,1.149
191,imagenes,36.20387998338698,136.3539733564904,Topic5,-5.3665,0.6661
3837,volcanscanarias,6.185830987168584,11.895536220017654,Topic5,-7.1334,1.3383
6754,fernando,6.965024593998179,14.303279433650275,Topic5,-7.0148,1.2726
12,isla,91.08454331052239,564.6015856968575,Topic5,-4.4439,0.1679
7004,fisura,3.7184379578873554,5.853088348732667,Topic5,-7.6424,1.5386
216,cumbrevieja,28.13901758414978,115.21344555141485,Topic5,-5.6185,0.5826
145,etna,18.36725813895661,62.94626961150631,Topic5,-6.0451,0.7605
147,nel,17.352721148610158,60.42310425535997,Topic5,-6.1019,0.7446
318,crater,13.165817018871852,40.19423828279467,Topic5,-6.378,0.8761
217,espana,47.56357411681805,339.9218575258884,Topic5,-5.0936,0.0256
193,nuevas,10.894970464220275,31.205546296196953,Topic5,-6.5674,0.9399
3272,volcano,21.665993680835403,99.85823601994068,Topic5,-5.8799,0.4642
2319,alonso,7.688812737967117,18.042653060666158,Topic5,-6.9159,1.1392
110,actividad,24.767474133894858,129.08731644001602,Topic5,-5.7461,0.3413
6044,spain,12.145723915738508,39.40611129098994,Topic5,-6.4587,0.8153
1121,ceniza,22.285303983302352,112.17970226822672,Topic5,-5.8517,0.376
929,video,22.62139782097895,119.97090350913665,Topic5,-5.8368,0.3239
856,septiembre,14.471551351300729,55.1430212400157,Topic5,-6.2835,0.6545
624,zona,17.316296439087658,81.45768252454411,Topic5,-6.104,0.4438
118,via,27.968491756455613,205.15100168290337,Topic5,-5.6246,-0.0005
133,perros,27.219455199352943,195.0726293425822,Topic5,-5.6517,0.0228
1577,evacuaciones,11.089599552031029,36.48265017847563,Topic5,-6.5496,0.8014
109,principal,26.71454649546406,254.6749789949934,Topic5,-5.6704,-0.2626
195,cenizas,18.57598641568768,116.8162933119332,Topic5,-6.0338,0.1535
131,fotos,15.5824102391232,79.51878635756165,Topic5,-6.2095,0.3624
197,nueva,17.218910605120538,105.50055730545279,Topic5,-6.1096,0.1795
1539,volcandelapalma,11.97978952898306,45.9210126101984,Topic5,-6.4724,0.6485
261,gente,12.486803545708034,52.671569930675005,Topic5,-6.431,0.5528
427,mundo,13.755253175844247,70.81037540509789,Topic5,-6.3342,0.3536
1484,civil,10.355552858417562,31.93795884761227,Topic5,-6.6181,0.8659
811,continua,13.621390292815624,71.09430255010659,Topic5,-6.344,0.3399
278,involcan,12.827092668157448,62.18654261674651,Topic5,-6.4041,0.4136
20,coladas,15.65380317513457,128.0193209964857,Topic5,-6.2049,-0.1093
116,octubre,13.389748126871513,77.49423605792731,Topic5,-6.3612,0.2365
787,erupcionlapalma,19.800596267474067,418.7355720690823,Topic5,-5.9699,-1.0593
106,derrumbe,14.58644385865841,128.4987901873407,Topic5,-6.2756,-0.1836
6886,cumple,12.933937520190542,70.34746347553443,Topic5,-6.3958,0.2986
11,espanola,13.618739926849228,111.97764201592412,Topic5,-6.3442,-0.1146
345,mar,13.741728819447118,138.40049865930192,Topic5,-6.3352,-0.3175
14638,barrera,4.474177341723563,5.123530727961974,Topic6,-7.3326,1.9814
5290,afirmaron,6.751434320577615,8.11352065107818,Topic6,-6.9212,1.9331
204,denuncia,6.635089518495997,8.038162896588615,Topic6,-6.9386,1.9251
7978,sone,3.0191738624772766,3.668115390279047,Topic6,-7.726,1.9222
1755,tjmqgjca,3.017607319376718,3.6663690034583727,Topic6,-7.7265,1.9222
205,diputacion,5.91991180889431,7.311104041332021,Topic6,-7.0526,1.9058
2182,animalistas,11.894743838708386,14.703306874846382,Topic6,-6.3549,1.9049
8179,atribuye,2.28777289232199,2.9364532968964303,Topic6,-8.0034,1.8673
5291,anonimos,6.773896469474872,8.842339011911212,Topic6,-6.9179,1.8504
206,eldiestro_,4.476877069446825,5.853423309059879,Topic6,-7.332,1.8488
6783,semilla,2.2416192186617576,2.940026509037903,Topic6,-8.0238,1.8457
5293,logrado,6.715606567743835,8.84455203230841,Topic6,-6.9265,1.8415
6778,enterrarnos,2.2293907824221812,2.9392474529544845,Topic6,-8.0292,1.8405
200,acodap,6.617254506949157,8.854579031618826,Topic6,-6.9413,1.8257
203,defensor,5.912961344336783,8.069409097297845,Topic6,-7.0538,1.806
207,escandalos,5.90242013834739,8.066699346618263,Topic6,-7.0556,1.8045
201,comun,6.924847813826753,9.512568587051863,Topic6,-6.8958,1.7994
208,investigar,7.43794026853409,10.314939577908966,Topic6,-6.8244,1.7899
3508,quedara,2.100392550079045,2.9371042228304316,Topic6,-8.0888,1.7816
4447,comporta,4.148304910520811,5.850574224059184,Topic6,-7.4083,1.7731
10427,post,1.5624123538361028,2.210416702357371,Topic6,-8.3847,1.77
10782,registrados,1.562199159787139,2.210212606259058,Topic6,-8.3849,1.7699
1189,patonguzman,1.5618714523536317,2.2100882272157722,Topic6,-8.3851,1.7698
3462,cabezadevaca,1.561770481421521,2.209987892813569,Topic6,-8.3851,1.7697
11507,metrobuscdmx,1.5615404588838722,2.2097235692472394,Topic6,-8.3853,1.7697
8737,peninsular,1.5612557686522106,2.209433008847966,Topic6,-8.3855,1.7697
716,eu,1.561490172571529,2.209781656386296,Topic6,-8.3853,1.7697
5313,recomendado,1.5611982132293705,2.20940604651176,Topic6,-8.3855,1.7696
2735,saque,1.5610931596461586,2.2092582425991543,Topic6,-8.3856,1.7696
18557,muita,1.5611159627462112,2.209348082560529,Topic6,-8.3856,1.7696
4805,duenos,1.561425746345616,2.2097931205828187,Topic6,-8.3854,1.7696
202,decidido,6.9535586095995665,10.217690710993718,Topic6,-6.8917,1.732
499,caza,3.5517312027125065,5.153145604826882,Topic6,-7.5635,1.7447
6002,luis,5.925367425687687,8.801339083963711,Topic6,-7.0517,1.7212
4280,teneguia,5.911370902790755,8.784106603617301,Topic6,-7.0541,1.7208
214,urbanisticos,5.908624174791402,8.829326120557608,Topic6,-7.0545,1.7152
9765,desplazara,3.019641077086215,4.395924871087314,Topic6,-7.7258,1.7414
5294,quedaron,11.648233763529845,18.50428606446448,Topic6,-6.3758,1.6541
618,salvan,5.7983965781352556,8.823979340409698,Topic6,-7.0734,1.697
10121,investigacion,7.349794835492227,11.7531294022559,Topic6,-6.8363,1.6475
108,parcial,27.10115899538309,49.54506590705053,Topic6,-5.5314,1.5136
15309,rescatara,6.331940525860972,10.213033052507349,Topic6,-6.9854,1.6389
210,publica,5.930550201895282,9.508617168222523,Topic6,-7.0508,1.6448
978,jose,10.895087000380265,19.29202194159916,Topic6,-6.4427,1.5455
1550,grupo,12.373475108518951,23.52850485924103,Topic6,-6.3154,1.4743
213,titular,5.918527690594172,9.624113453586366,Topic6,-7.0529,1.6307
106,derrumbe,47.46244016180301,128.4987901873407,Topic6,-4.971,1.1209
2183,atrapados,40.95066821516193,113.48621476109798,Topic6,-5.1186,1.0976
109,principal,70.63929278282593,254.6749789949934,Topic6,-4.5734,0.8345
2184,espanoles,9.556187745531199,17.937492090778072,Topic6,-6.5738,1.4872
133,perros,54.44566789483874,195.0726293425822,Topic6,-4.8338,0.8407
136,rescatar,13.367708592955077,33.994417074392786,Topic6,-6.2381,1.1836
4620,raiz,8.520848138271816,16.76358725671707,Topic6,-6.6884,1.4402
2005,rescate,15.623227944117039,49.20227916524595,Topic6,-6.0822,0.9697
1068,derrumba,20.151752342376515,85.74542404138117,Topic6,-5.8277,0.6688
1391,juan,7.832263025559452,15.58286979790694,Topic6,-6.7727,1.429
929,video,20.84813551784574,119.97090350913665,Topic6,-5.7937,0.3669
2043,dron,11.940838363716079,39.59022098425931,Topic6,-6.351,0.9183
1578,hectareas,20.07163041409378,130.41113684297713,Topic6,-5.8317,0.2455
162,sufre,15.72092000950932,80.83972630702003,Topic6,-6.076,0.4794
20,coladas,18.559913533902627,128.0193209964857,Topic6,-5.91,0.1857
41,bien,12.087116765363726,45.60822753485597,Topic6,-6.3388,0.789
12,isla,30.329842164839974,564.6015856968575,Topic6,-5.4188,-0.8071
118,via,20.215540479795347,205.15100168290337,Topic6,-5.8245,-0.2004
190,drones,12.927455413580917,65.80517936539609,Topic6,-6.2716,0.4896
1754,eruptiva,10.126314636967548,33.558226355652266,Topic6,-6.5158,0.9188
110,actividad,14.947937536619637,129.08731644001602,Topic6,-6.1264,-0.039
2970,registra,10.29876183640485,36.759805055397,Topic6,-6.4989,0.8445
423,ultimahora,10.307154970453915,37.12157569915157,Topic6,-6.4981,0.8355
1576,arrasa,10.90624518457021,52.065231506774744,Topic6,-6.4416,0.5537
209,islas,12.395338999664608,91.09405669689976,Topic6,-6.3136,0.1223
3272,volcano,12.519801307057538,99.85823601994068,Topic6,-6.3037,0.0405
145,etna,10.872168391174531,62.94626961150631,Topic6,-6.4448,0.3608
158,hora,11.634878515586358,121.31002843698009,Topic6,-6.377,-0.2274
2148,terremotos,10.516513318919635,56.38921203316797,Topic6,-6.478,0.4376
16350,pha,3.708898650631429,4.359712060751561,Topic7,-7.4916,1.9839
16351,wjzivz,3.7069602932279158,4.357934522121713,Topic7,-7.4921,1.9838
5272,pn,2.2704942479115036,2.9194617096003146,Topic7,-7.9823,1.8942
492,lucara,2.267566391565881,2.916886776208224,Topic7,-7.9836,1.8938
3030,negar,4.547742556663923,5.856664866297431,Topic7,-7.2877,1.8926
6529,jc,2.2364735209353412,2.9240396038779055,Topic7,-7.9974,1.8775
6563,nislas,2.1862498213544304,2.918863415473747,Topic7,-8.0201,1.8566
1719,matragrano,8.833542120150657,12.322206288609276,Topic7,-6.6237,1.8127
7379,nbanda,1.5479503346440757,2.1968698055538525,Topic7,-8.3654,1.7955
7775,miguelmguedes,1.5475972462771916,2.196479724872881,Topic7,-8.3656,1.7954
6672,nregion,1.547452198466296,2.1965664267886407,Topic7,-8.3657,1.7953
14094,podran,1.5472770573470687,2.196350746165766,Topic7,-8.3658,1.7953
3545,wamu,1.5472187092283427,2.1963107209537647,Topic7,-8.3658,1.7953
3543,tweet,1.5469993473955868,2.1960074359507358,Topic7,-8.366,1.7953
16898,realimentando,1.546968092930664,2.196008577390255,Topic7,-8.366,1.7952
10253,sedimentos,1.547255963002322,2.1964189923096886,Topic7,-8.3658,1.7952
10282,compartimos,1.5470741452326933,2.1961862288961873,Topic7,-8.3659,1.7952
16893,indicio,1.5467954676507185,2.1958450004981995,Topic7,-8.3661,1.7952
12264,steinbeckk,1.5472138710758778,2.1964534839126157,Topic7,-8.3658,1.7952
2648,cruzroja,1.546623132659921,2.1956548391177035,Topic7,-8.3662,1.7952
12894,tramo,1.546911099494628,2.196107918800328,Topic7,-8.366,1.7951
12263,geldingadalir,1.5470394072979956,2.1963178544920865,Topic7,-8.366,1.7951
8379,observar,1.5467946935463242,2.1959970811449825,Topic7,-8.3661,1.7951
12851,ebullicion,1.5466618378796395,2.195812457648434,Topic7,-8.3662,1.7951
3538,astroaventura,1.546530240132596,2.195635100261902,Topic7,-8.3663,1.7951
2649,damnificadas,1.546386159952193,2.19546884854328,Topic7,-8.3664,1.7951
2806,jpx,1.5467760182778099,2.1960554003734685,Topic7,-8.3661,1.7951
7384,tetela,1.5461312860803451,2.195148314836277,Topic7,-8.3665,1.7951
3245,pld,1.5467345069296614,2.196009405257582,Topic7,-8.3662,1.7951
12261,bjorn,1.5468079500840777,2.196128811514035,Topic7,-8.3661,1.7951
1716,icono,17.70638861682128,25.410761482025098,Topic7,-5.9284,1.7843
1717,magdalena,8.738023830720014,13.058624662340879,Topic7,-6.6346,1.7438
7178,regresar,2.520451395698397,3.6454189867724383,Topic7,-7.8779,1.7765
2681,trabaja,2.9915730718495284,4.399026221451174,Topic7,-7.7065,1.76
1377,soluciones,8.521457288932263,14.569867164668281,Topic7,-6.6597,1.6092
2114,hombres,5.779106546273268,9.506005235405794,Topic7,-7.048,1.6479
1715,gigantes,8.855737241346159,15.402661164806524,Topic7,-6.6212,1.5921
1223,pasto,8.113185342086485,14.028845303862205,Topic7,-6.7088,1.5979
2111,estallar,2.887240249206243,4.458828373604909,Topic7,-7.742,1.711
12381,espanaafricana,2.4170726567211784,3.644525734720661,Topic7,-7.9197,1.7349
496,terminar,8.881272623003387,16.27447886264948,Topic7,-6.6184,1.5399
2116,tienes,9.899411879495492,19.04193475410646,Topic7,-6.5098,1.4914
566,quiero,11.78567205726753,24.143883854463898,Topic7,-6.3354,1.4284
1718,maria,8.968372527145208,17.63334634729637,Topic7,-6.6086,1.4695
787,erupcionlapalma,123.55880295760392,418.7355720690823,Topic7,-3.9856,0.9251
1222,nvamos,4.206294784610317,7.391095349148053,Topic7,-7.3657,1.5819
1217,bucaramanga,4.198200362010541,7.391941103791979,Topic7,-7.3676,1.5798
12379,asociado,2.3491920229567853,3.645148294333838,Topic7,-7.9482,1.7062
2115,mujeres,6.4802117351015465,12.567726023765037,Topic7,-6.9335,1.4832
12380,drramonreyesmd,2.347433257772767,3.6457511684996593,Topic7,-7.949,1.7053
74,frente,12.349367910311399,30.253458823477402,Topic7,-6.2887,1.2496
3300,aficion,3.360334923932536,5.959033479478748,Topic7,-7.5903,1.5727
1663,sur,16.626958870800188,51.80571066453512,Topic7,-5.9913,1.0091
1498,cara,11.692825976206267,32.58636158954822,Topic7,-6.3433,1.1207
1720,norte,16.787342463853037,56.46946976067604,Topic7,-5.9817,0.9325
131,fotos,20.74011457583597,79.51878635756165,Topic7,-5.7702,0.8017
4472,magma,10.550986385701924,32.14945192589199,Topic7,-6.4461,1.0314
1174,gran,17.901320488995054,77.1780339621415,Topic7,-5.9174,0.6843
498,amenaza,14.735002832894343,60.77628696755221,Topic7,-6.1121,0.7286
1690,colada,25.79094912661259,155.6713866800478,Topic7,-5.5523,0.3479
16282,aumentar,7.313930295938888,20.117021934930627,Topic7,-6.8125,1.1338
158,hora,20.94596751280558,121.31002843698009,Topic7,-5.7604,0.3892
163,ultima,19.792925083505853,112.36799106555,Topic7,-5.817,0.4091
217,espana,33.57059146366862,339.9218575258884,Topic7,-5.2886,-0.1695
20,coladas,19.3523544049092,128.0193209964857,Topic7,-5.8395,0.2562
12,isla,41.584346192715294,564.6015856968575,Topic7,-5.0746,-0.4628
191,imagenes,18.94444473891999,136.3539733564904,Topic7,-5.8608,0.1718
2106,devastacion,10.345563850775585,39.48093331543675,Topic7,-6.4657,0.8063
118,via,19.6225245795898,205.15100168290337,Topic7,-5.8256,-0.2015
1463,semanas,11.633172717471384,59.85072797562796,Topic7,-6.3484,0.5076
725,laguna,16.14897572682342,151.9859642847945,Topic7,-6.0204,-0.0964
216,cumbrevieja,14.541010723455337,115.21344555141485,Topic7,-6.1253,0.0758
235,solo,12.80757965395145,80.81982400985564,Topic7,-6.2523,0.3034
197,nueva,13.743533020997223,105.50055730545279,Topic7,-6.1817,0.1074
6886,cumple,12.225476372513752,70.34746347553443,Topic7,-6.2988,0.3956
745,youtube,14.118320308159943,142.26343557484262,Topic7,-6.1548,-0.1646
1923,boca,12.274976478012022,80.91114977872988,Topic7,-6.2947,0.2598
109,principal,15.191924144508972,254.6749789949934,Topic7,-6.0815,-0.6736
929,video,13.204911183391534,119.97090350913665,Topic7,-6.2217,-0.0611
345,mar,12.16234583683934,138.40049865930192,Topic7,-6.304,-0.2862
219,noticias,11.727781434238636,109.95432236234163,Topic7,-6.3403,-0.0925
